ID,Category,Name,Method,MethodArgument,RegistryPath,RegistryItem,RegistryPathIntune,RegistryPathDCP,RegistryItemIntune,ClassName,Namespace,Property,DefaultValue,DefaultValueIntune,RecommendedValue,RecommendedValueIntune,Operator,OperatorIntune,Severity,Filter
V-75147,"Microsoft Defender Antivirus","Configure detection for potentially unwanted applications",Registry,,"HKLM:\Software\Policies\Microsoft\Windows Defender",PUAProtection,HKLM:\SOFTWARE\Microsoft\PolicyManager\Providers\{GUID}\default\Device\Defender,HKLM:\SOFTWARE\Microsoft\PolicyManager\current\device\Defender,PUAProtection,,,,0,,1,,=,,High,
V-75159,"Microsoft Defender Antivirus","Exclusions: Turn off Auto Exclusions",Registry,,"HKLM:\Software\Policies\Microsoft\Windows Defender\Exclusions",DisableAutoExclusions,HKLM:\SOFTWARE\Microsoft\PolicyManager\Providers\{GUID}\default\Device\ADMX_MicrosoftDefenderAntivirus,HKLM:\SOFTWARE\Microsoft\PolicyManager\current\device\ADMX_MicrosoftDefenderAntivirus,DisableAutoExclusions,,,,,,0,,=,,Medium,
V-75163,"Microsoft Defender Antivirus","MAPS: Configure the 'Block at First Sight' feature",Registry,,"HKLM:\Software\Policies\Microsoft\Windows Defender\Spynet",DisableBlockAtFirstSeen,HKLM:\SOFTWARE\Microsoft\PolicyManager\Providers\{GUID}\default\Device\ADMX_MicrosoftDefenderAntivirus,HKLM:\SOFTWARE\Microsoft\PolicyManager\current\device\ADMX_MicrosoftDefenderAntivirus,DisableBlockAtFirstSeen,,,,,,0,,=,,Medium,
V-75167,"Microsoft Defender Antivirus","MAPS: Join Microsoft MAPS",Registry,,"HKLM:\SOFTWARE\Policies\Microsoft\Windows Defender\Spynet",SpynetReporting,HKLM:\SOFTWARE\Microsoft\PolicyManager\Providers\{GUID}\default\Device\ADMX_MicrosoftDefenderAntivirus,HKLM:\SOFTWARE\Microsoft\PolicyManager\current\device\ADMX_MicrosoftDefenderAntivirus,SpynetReporting,,,,0,,2,,=,,Medium,
V-75207,"Microsoft Defender Antivirus","MAPS: Send file samples when further analysis is required",Registry,,"HKLM:\Software\Policies\Microsoft\Windows Defender\Spynet",SubmitSamplesConsent,HKLM:\SOFTWARE\Microsoft\PolicyManager\Providers\{GUID}\default\Device\Defender,HKLM:\SOFTWARE\Microsoft\PolicyManager\current\device\Defender,SubmitSamplesConsent,,,,,,1,,=,,Medium,
V-75235,"Microsoft Defender Antivirus","Scan: Scan removable drives",Registry,,"HKLM:\Software\Policies\Microsoft\Windows Defender\Scan",DisableRemovableDriveScanning,HKLM:\SOFTWARE\Microsoft\PolicyManager\Providers\{GUID}\default\Device\Defender,HKLM:\SOFTWARE\Microsoft\PolicyManager\current\device\Defender,Scan_DisableRemovableDriveScanning,,,,1,,0,,=,,Medium,
V-75237,"Microsoft Defender Antivirus","Scan: Specify the day of the week to run a scheduled scan",Registry,,"HKLM:\Software\Policies\Microsoft\Windows Defender\Scan",ScheduleDay,HKLM:\SOFTWARE\Microsoft\PolicyManager\Providers\{GUID}\default\Device\Defender,HKLM:\SOFTWARE\Microsoft\PolicyManager\current\device\Defender,Scan_ScheduleDay,,,,,,0,,=,,Medium,
V-75239,"Microsoft Defender Antivirus","Scan: Turn on e-mail scanning",Registry,,"HKLM:\Software\Policies\Microsoft\Windows Defender\Scan",DisableEmailScanning,HKLM:\SOFTWARE\Microsoft\PolicyManager\Providers\{GUID}\default\Device\Defender,HKLM:\SOFTWARE\Microsoft\PolicyManager\current\device\Defender,Scan_DisableEmailScanning,,,,1,,0,,=,,Medium,
V-75241,"Microsoft Defender Antivirus","Security Intelligence Updates: Define the number of days before spyware security intelligence is considered out of date",Registry,,"HKLM:\Software\Policies\Microsoft\Windows Defender\Signature Updates",ASSignatureDue,,,,,,,,,7,,=,,High,
V-75243,"Microsoft Defender Antivirus","Security Intelligence Updates: Define the number of days before virus security intelligence is considered out of date",Registry,,"HKLM:\Software\Policies\Microsoft\Windows Defender\Signature Updates",AVSignatureDue,,,,,,,,,7,,=,,High,
V-75245,"Microsoft Defender Antivirus","Security Intelligence Updates: Specify the day of the week to check for security intelligence updates",Registry,,"HKLM:\Software\Policies\Microsoft\Windows Defender\Signature Updates",ScheduleDay,,,,,,,,,0,,=,,Medium,
V-75247,"Microsoft Defender Antivirus","Threats: Specify threat alert levels at which default action should not be taken when detected",Registry,,"HKLM:\Software\Policies\Microsoft\Windows Defender\Threats",Threats_ThreatSeverityDefaultAction,HKLM:\SOFTWARE\Microsoft\PolicyManager\Providers\{GUID}\default\Device\Defender,HKLM:\SOFTWARE\Microsoft\PolicyManager\current\device\Defender,Threats_ThreatSeverityDefaultAction,,,,,,1,,=,,Medium,
V-75247,"Microsoft Defender Antivirus","Threats: Specify threat alert levels at which default action should not be taken when detected: Low (1)",Registry,,"HKLM:\SOFTWARE\Policies\Microsoft\Windows Defender\Threats\ThreatSeverityDefaultAction",1,HKLM:\SOFTWARE\Microsoft\PolicyManager\Providers\{GUID}\default\Device\Defender,HKLM:\SOFTWARE\Microsoft\PolicyManager\current\device\Defender,Threats_ThreatSeverityDefaultAction,,,,,,2,,=,,Medium,
V-75247,"Microsoft Defender Antivirus","Threats: Specify threat alert levels at which default action should not be taken when detected: Medium (2)",Registry,,"HKLM:\SOFTWARE\Policies\Microsoft\Windows Defender\Threats\ThreatSeverityDefaultAction",2,HKLM:\SOFTWARE\Microsoft\PolicyManager\Providers\{GUID}\default\Device\Defender,HKLM:\SOFTWARE\Microsoft\PolicyManager\current\device\Defender,Threats_ThreatSeverityDefaultAction,,,,,,2,,=,,Medium,
V-75247,"Microsoft Defender Antivirus","Threats: Specify threat alert levels at which default action should not be taken when detected: High (4)",Registry,,"HKLM:\SOFTWARE\Policies\Microsoft\Windows Defender\Threats\ThreatSeverityDefaultAction",4,HKLM:\SOFTWARE\Microsoft\PolicyManager\Providers\{GUID}\default\Device\Defender,HKLM:\SOFTWARE\Microsoft\PolicyManager\current\device\Defender,Threats_ThreatSeverityDefaultAction,,,,,,2,,=,,Medium,
V-75247,"Microsoft Defender Antivirus","Threats: Specify threat alert levels at which default action should not be taken when detected: Severe (5)",Registry,,"HKLM:\SOFTWARE\Policies\Microsoft\Windows Defender\Threats\ThreatSeverityDefaultAction",5,HKLM:\SOFTWARE\Microsoft\PolicyManager\Providers\{GUID}\default\Device\Defender,HKLM:\SOFTWARE\Microsoft\PolicyManager\current\device\Defender,Threats_ThreatSeverityDefaultAction,,,,,,2,,=,,Medium,
V-77967,"Microsoft Defender Exploit Guard","ASR: Block all Office applications from creating child processes (Policy)",Registry,,"HKLM:\Software\Policies\Microsoft\Windows Defender\Windows Defender Exploit Guard\ASR\rules",d4f940ab-401b-4efc-aadc-ad5f3c50688a,HKLM:\SOFTWARE\Microsoft\PolicyManager\Providers\{GUID}\default\Device\Defender,HKLM:\SOFTWARE\Microsoft\PolicyManager\current\device\Defender,AttackSurfaceReductionRules,,,,0,,1,,=,,Medium,
V-77967,"Microsoft Defender Exploit Guard","ASR: Block all Office applications from creating child processes",MpPreferenceAsr,d4f940ab-401b-4efc-aadc-ad5f3c50688a,,,,,,,,,0,,1,,=,,Medium,
V-77969,"Microsoft Defender Exploit Guard","ASR: Block Office applications from creating executable content (Policy)",Registry,,"HKLM:\Software\Policies\Microsoft\Windows Defender\Windows Defender Exploit Guard\ASR\rules",3b576869-a4ec-4529-8536-b80a7769e899,HKLM:\SOFTWARE\Microsoft\PolicyManager\Providers\{GUID}\default\Device\Defender,HKLM:\SOFTWARE\Microsoft\PolicyManager\current\device\Defender,AttackSurfaceReductionRules,,,,0,,1,,=,,Medium,
V-77969,"Microsoft Defender Exploit Guard","ASR: Block Office applications from creating executable content",MpPreferenceAsr,3b576869-a4ec-4529-8536-b80a7769e899,,,,,,,,,0,,1,,=,,Medium,
V-77975,"Microsoft Defender Exploit Guard","ASR: Block execution of potentially obfuscated scripts (Policy)",Registry,,"HKLM:\Software\Policies\Microsoft\Windows Defender\Windows Defender Exploit Guard\ASR\rules",5beb7efe-fd9a-4556-801d-275e5ffc04cc,HKLM:\SOFTWARE\Microsoft\PolicyManager\Providers\{GUID}\default\Device\Defender,HKLM:\SOFTWARE\Microsoft\PolicyManager\current\device\Defender,AttackSurfaceReductionRules,,,,0,,1,,=,,Medium,
V-77975,"Microsoft Defender Exploit Guard","ASR: Block execution of potentially obfuscated scripts",MpPreferenceAsr,5beb7efe-fd9a-4556-801d-275e5ffc04cc,,,,,,,,,0,,1,,=,,Medium,
V-77971,"Microsoft Defender Exploit Guard","ASR: Block Office applications from injecting code into other processes (Policy)",Registry,,"HKLM:\Software\Policies\Microsoft\Windows Defender\Windows Defender Exploit Guard\ASR\rules",75668c1f-73b5-4cf0-bb93-3ecf5cb7cc84,HKLM:\SOFTWARE\Microsoft\PolicyManager\Providers\{GUID}\default\Device\Defender,HKLM:\SOFTWARE\Microsoft\PolicyManager\current\device\Defender,AttackSurfaceReductionRules,,,,0,,1,,=,,Medium,
V-77971,"Microsoft Defender Exploit Guard","ASR: Block Office applications from injecting code into other processes",MpPreferenceAsr,75668c1f-73b5-4cf0-bb93-3ecf5cb7cc84,,,,,,,,,0,,1,,=,,Medium,
V-77977,"Microsoft Defender Exploit Guard","ASR: Block Win32 API calls from Office macros (Policy)",Registry,,"HKLM:\Software\Policies\Microsoft\Windows Defender\Windows Defender Exploit Guard\ASR\rules",92e97fa1-2edf-4476-bdd6-9dd0b4dddc7b,HKLM:\SOFTWARE\Microsoft\PolicyManager\Providers\{GUID}\default\Device\Defender,HKLM:\SOFTWARE\Microsoft\PolicyManager\current\device\Defender,AttackSurfaceReductionRules,,,,0,,1,,=,,Medium,
V-77977,"Microsoft Defender Exploit Guard","ASR: Block Win32 API calls from Office macros",MpPreferenceAsr,92e97fa1-2edf-4476-bdd6-9dd0b4dddc7b,,,,,,,,,0,,1,,=,,Medium,
V-77965,"Microsoft Defender Exploit Guard","ASR: Block executable content from email client and webmail (Policy)",Registry,,"HKLM:\Software\Policies\Microsoft\Windows Defender\Windows Defender Exploit Guard\ASR\rules",be9ba2d9-53ea-4cdc-84e5-9b1eeee46550,HKLM:\SOFTWARE\Microsoft\PolicyManager\Providers\{GUID}\default\Device\Defender,HKLM:\SOFTWARE\Microsoft\PolicyManager\current\device\Defender,AttackSurfaceReductionRules,,,,0,,1,,=,,Medium,
V-77965,"Microsoft Defender Exploit Guard","ASR: Block executable content from email client and webmail",MpPreferenceAsr,be9ba2d9-53ea-4cdc-84e5-9b1eeee46550,,,,,,,,,0,,1,,=,,Medium,
V-77973,"Microsoft Defender Exploit Guard","ASR: Block JavaScript or VBScript from launching downloaded executable content (Policy)",Registry,,"HKLM:\Software\Policies\Microsoft\Windows Defender\Windows Defender Exploit Guard\ASR\rules",d3e037e1-3eb8-44c8-a917-57927947596d,HKLM:\SOFTWARE\Microsoft\PolicyManager\Providers\{GUID}\default\Device\Defender,HKLM:\SOFTWARE\Microsoft\PolicyManager\current\device\Defender,AttackSurfaceReductionRules,,,,0,,1,,=,,Medium,
V-77973,"Microsoft Defender Exploit Guard","ASR: Block JavaScript or VBScript from launching downloaded executable content",MpPreferenceAsr,d3e037e1-3eb8-44c8-a917-57927947596d,,,,,,,,,0,,1,,=,,Medium,
V-75209,"Microsoft Defender Exploit Guard","Network Protection: Prevent users and apps from accessing dangerous websites",Registry,,"HKLM:\SOFTWARE\Policies\Microsoft\Windows Defender\Windows Defender Exploit Guard\Network Protection",EnableNetworkProtection,HKLM:\SOFTWARE\Microsoft\PolicyManager\Providers\{GUID}\default\Device\Defender,HKLM:\SOFTWARE\Microsoft\PolicyManager\current\device\Defender,EnableNetworkProtection,,,,,,1,,=,,Medium,
