ID,Category,Name,Method,MethodArgument,RegistryPath,RegistryItem,RegistryPathIntune,RegistryPathDCP,RegistryItemIntune,ClassName,Namespace,Property,DefaultValue,DefaultValueIntune,RecommendedValue,RecommendedValueIntune,Operator,OperatorIntune,Severity,Filter
6000,"Office 2016 / Office 365","IE Security: Add-on Management (Excel)",Registry,,"HKLM:\software\microsoft\internet explorer\main\featurecontrol\feature_addon_management",excel.exe,,,,,,,,,1,,=,,Medium,
6001,"Office 2016 / Office 365","IE Security: Add-on Management (Expression Web Designer)",Registry,,"HKLM:\software\microsoft\internet explorer\main\featurecontrol\feature_addon_management",exprwd.exe,,,,,,,,,1,,=,,Medium,
6002,"Office 2016 / Office 365","IE Security: Add-on Management (Groove)",Registry,,"HKLM:\software\microsoft\internet explorer\main\featurecontrol\feature_addon_management",groove.exe,,,,,,,,,1,,=,,Medium,
6003,"Office 2016 / Office 365","IE Security: Add-on Management (Access)",Registry,,"HKLM:\software\microsoft\internet explorer\main\featurecontrol\feature_addon_management",msaccess.exe,,,,,,,,,1,,=,,Medium,
6004,"Office 2016 / Office 365","IE Security: Add-on Management (Script Editor)",Registry,,"HKLM:\software\microsoft\internet explorer\main\featurecontrol\feature_addon_management",mse7.exe,,,,,,,,,1,,=,,Medium,
6005,"Office 2016 / Office 365","IE Security: Add-on Management (Publisher)",Registry,,"HKLM:\software\microsoft\internet explorer\main\featurecontrol\feature_addon_management",mspub.exe,,,,,,,,,1,,=,,Medium,
6006,"Office 2016 / Office 365","IE Security: Add-on Management (OneNote)",Registry,,"HKLM:\software\microsoft\internet explorer\main\featurecontrol\feature_addon_management",onenote.exe,,,,,,,,,1,,=,,Medium,
6007,"Office 2016 / Office 365","IE Security: Add-on Management (Outlook)",Registry,,"HKLM:\software\microsoft\internet explorer\main\featurecontrol\feature_addon_management",outlook.exe,,,,,,,,,1,,=,,Medium,
6008,"Office 2016 / Office 365","IE Security: Add-on Management (PowerPoint)",Registry,,"HKLM:\software\microsoft\internet explorer\main\featurecontrol\feature_addon_management",powerpnt.exe,,,,,,,,,1,,=,,Medium,
6009,"Office 2016 / Office 365","IE Security: Add-on Management (PowerPoint Viewer)",Registry,,"HKLM:\software\microsoft\internet explorer\main\featurecontrol\feature_addon_management",pptview.exe,,,,,,,,,1,,=,,Medium,
6010,"Office 2016 / Office 365","IE Security: Add-on Management (SharePoint Designer)",Registry,,"HKLM:\software\microsoft\internet explorer\main\featurecontrol\feature_addon_management",spdesign.exe,,,,,,,,,1,,=,,Medium,
6011,"Office 2016 / Office 365","IE Security: Add-on Management (Visio)",Registry,,"HKLM:\software\microsoft\internet explorer\main\featurecontrol\feature_addon_management",visio.exe,,,,,,,,,1,,=,,Medium,
6012,"Office 2016 / Office 365","IE Security: Add-on Management (Project)",Registry,,"HKLM:\software\microsoft\internet explorer\main\featurecontrol\feature_addon_management",winproj.exe,,,,,,,,,1,,=,,Medium,
6013,"Office 2016 / Office 365","IE Security: Add-on Management (Word)",Registry,,"HKLM:\software\microsoft\internet explorer\main\featurecontrol\feature_addon_management",winword.exe,,,,,,,,,1,,=,,Medium,
6014,"Office 2016 / Office 365","IE Security: Consistent Mime Handling (Excel)",Registry,,"HKLM:\software\microsoft\internet explorer\main\featurecontrol\feature_mime_handling",excel.exe,,,,,,,,,1,,=,,Medium,
6015,"Office 2016 / Office 365","IE Security: Consistent Mime Handling (Expression Web Designer)",Registry,,"HKLM:\software\microsoft\internet explorer\main\featurecontrol\feature_mime_handling",exprwd.exe,,,,,,,,,1,,=,,Medium,
6016,"Office 2016 / Office 365","IE Security: Consistent Mime Handling (Groove)",Registry,,"HKLM:\software\microsoft\internet explorer\main\featurecontrol\feature_mime_handling",groove.exe,,,,,,,,,1,,=,,Medium,
6017,"Office 2016 / Office 365","IE Security: Consistent Mime Handling (Access)",Registry,,"HKLM:\software\microsoft\internet explorer\main\featurecontrol\feature_mime_handling",msaccess.exe,,,,,,,,,1,,=,,Medium,
6018,"Office 2016 / Office 365","IE Security: Consistent Mime Handling (Script Editor)",Registry,,"HKLM:\software\microsoft\internet explorer\main\featurecontrol\feature_mime_handling",mse7.exe,,,,,,,,,1,,=,,Medium,
6019,"Office 2016 / Office 365","IE Security: Consistent Mime Handling (Publisher)",Registry,,"HKLM:\software\microsoft\internet explorer\main\featurecontrol\feature_mime_handling",mspub.exe,,,,,,,,,1,,=,,Medium,
6020,"Office 2016 / Office 365","IE Security: Consistent Mime Handling (OneNote)",Registry,,"HKLM:\software\microsoft\internet explorer\main\featurecontrol\feature_mime_handling",onenote.exe,,,,,,,,,1,,=,,Medium,
6021,"Office 2016 / Office 365","IE Security: Consistent Mime Handling (Outlook)",Registry,,"HKLM:\software\microsoft\internet explorer\main\featurecontrol\feature_mime_handling",outlook.exe,,,,,,,,,1,,=,,Medium,
6022,"Office 2016 / Office 365","IE Security: Consistent Mime Handling (PowerPoint)",Registry,,"HKLM:\software\microsoft\internet explorer\main\featurecontrol\feature_mime_handling",powerpnt.exe,,,,,,,,,1,,=,,Medium,
6023,"Office 2016 / Office 365","IE Security: Consistent Mime Handling (PowerPoint Viewer)",Registry,,"HKLM:\software\microsoft\internet explorer\main\featurecontrol\feature_mime_handling",pptview.exe,,,,,,,,,1,,=,,Medium,
6024,"Office 2016 / Office 365","IE Security: Consistent Mime Handling (SharePoint Designer)",Registry,,"HKLM:\software\microsoft\internet explorer\main\featurecontrol\feature_mime_handling",spdesign.exe,,,,,,,,,1,,=,,Medium,
6025,"Office 2016 / Office 365","IE Security: Consistent Mime Handling (Visio)",Registry,,"HKLM:\software\microsoft\internet explorer\main\featurecontrol\feature_mime_handling",visio.exe,,,,,,,,,1,,=,,Medium,
6026,"Office 2016 / Office 365","IE Security: Consistent Mime Handling (Project)",Registry,,"HKLM:\software\microsoft\internet explorer\main\featurecontrol\feature_mime_handling",winproj.exe,,,,,,,,,1,,=,,Medium,
6027,"Office 2016 / Office 365","IE Security: Consistent Mime Handling (Word)",Registry,,"HKLM:\software\microsoft\internet explorer\main\featurecontrol\feature_mime_handling",winword.exe,,,,,,,,,1,,=,,Medium,
6028,"Office 2016 / Office 365","IE Security: Disable user name and password (Excel)",Registry,,"HKLM:\software\microsoft\internet explorer\main\featurecontrol\feature_http_username_password_disable",excel.exe,,,,,,,,,1,,=,,Medium,
6029,"Office 2016 / Office 365","IE Security: Disable user name and password (Expression Web Designer)",Registry,,"HKLM:\software\microsoft\internet explorer\main\featurecontrol\feature_http_username_password_disable",exprwd.exe,,,,,,,,,1,,=,,Medium,
6030,"Office 2016 / Office 365","IE Security: Disable user name and password (Groove)",Registry,,"HKLM:\software\microsoft\internet explorer\main\featurecontrol\feature_http_username_password_disable",groove.exe,,,,,,,,,1,,=,,Medium,
6031,"Office 2016 / Office 365","IE Security: Disable user name and password (Access)",Registry,,"HKLM:\software\microsoft\internet explorer\main\featurecontrol\feature_http_username_password_disable",msaccess.exe,,,,,,,,,1,,=,,Medium,
6032,"Office 2016 / Office 365","IE Security: Disable user name and password (Script Editor)",Registry,,"HKLM:\software\microsoft\internet explorer\main\featurecontrol\feature_http_username_password_disable",mse7.exe,,,,,,,,,1,,=,,Medium,
6033,"Office 2016 / Office 365","IE Security: Disable user name and password (Publisher)",Registry,,"HKLM:\software\microsoft\internet explorer\main\featurecontrol\feature_http_username_password_disable",mspub.exe,,,,,,,,,1,,=,,Medium,
6034,"Office 2016 / Office 365","IE Security: Disable user name and password (OneNote)",Registry,,"HKLM:\software\microsoft\internet explorer\main\featurecontrol\feature_http_username_password_disable",onenote.exe,,,,,,,,,1,,=,,Medium,
6035,"Office 2016 / Office 365","IE Security: Disable user name and password (Outlook)",Registry,,"HKLM:\software\microsoft\internet explorer\main\featurecontrol\feature_http_username_password_disable",outlook.exe,,,,,,,,,1,,=,,Medium,
6036,"Office 2016 / Office 365","IE Security: Disable user name and password (PowerPoint)",Registry,,"HKLM:\software\microsoft\internet explorer\main\featurecontrol\feature_http_username_password_disable",powerpnt.exe,,,,,,,,,1,,=,,Medium,
6037,"Office 2016 / Office 365","IE Security: Disable user name and password (PowerPoint Viewer)",Registry,,"HKLM:\software\microsoft\internet explorer\main\featurecontrol\feature_http_username_password_disable",pptview.exe,,,,,,,,,1,,=,,Medium,
6038,"Office 2016 / Office 365","IE Security: Disable user name and password (SharePoint Designer)",Registry,,"HKLM:\software\microsoft\internet explorer\main\featurecontrol\feature_http_username_password_disable",spdesign.exe,,,,,,,,,1,,=,,Medium,
6039,"Office 2016 / Office 365","IE Security: Disable user name and password (Visio)",Registry,,"HKLM:\software\microsoft\internet explorer\main\featurecontrol\feature_http_username_password_disable",visio.exe,,,,,,,,,1,,=,,Medium,
6040,"Office 2016 / Office 365","IE Security: Disable user name and password (Project)",Registry,,"HKLM:\software\microsoft\internet explorer\main\featurecontrol\feature_http_username_password_disable",winproj.exe,,,,,,,,,1,,=,,Medium,
6041,"Office 2016 / Office 365","IE Security: Disable user name and password (Word)",Registry,,"HKLM:\software\microsoft\internet explorer\main\featurecontrol\feature_http_username_password_disable",winword.exe,,,,,,,,,1,,=,,Medium,
6042,"Office 2016 / Office 365","IE Security: Information Bar (Excel)",Registry,,"HKLM:\software\microsoft\internet explorer\main\featurecontrol\feature_securityband",excel.exe,,,,,,,,,1,,=,,Medium,
6043,"Office 2016 / Office 365","IE Security: Information Bar (Expression Web Designer)",Registry,,"HKLM:\software\microsoft\internet explorer\main\featurecontrol\feature_securityband",exprwd.exe,,,,,,,,,1,,=,,Medium,
6044,"Office 2016 / Office 365","IE Security: Information Bar (Groove)",Registry,,"HKLM:\software\microsoft\internet explorer\main\featurecontrol\feature_securityband",groove.exe,,,,,,,,,1,,=,,Medium,
6045,"Office 2016 / Office 365","IE Security: Information Bar (Access)",Registry,,"HKLM:\software\microsoft\internet explorer\main\featurecontrol\feature_securityband",msaccess.exe,,,,,,,,,1,,=,,Medium,
6046,"Office 2016 / Office 365","IE Security: Information Bar (Script Editor)",Registry,,"HKLM:\software\microsoft\internet explorer\main\featurecontrol\feature_securityband",mse7.exe,,,,,,,,,1,,=,,Medium,
6047,"Office 2016 / Office 365","IE Security: Information Bar (Publisher)",Registry,,"HKLM:\software\microsoft\internet explorer\main\featurecontrol\feature_securityband",mspub.exe,,,,,,,,,1,,=,,Medium,
6048,"Office 2016 / Office 365","IE Security: Information Bar (OneNote)",Registry,,"HKLM:\software\microsoft\internet explorer\main\featurecontrol\feature_securityband",onenote.exe,,,,,,,,,1,,=,,Medium,
6049,"Office 2016 / Office 365","IE Security: Information Bar (Outlook)",Registry,,"HKLM:\software\microsoft\internet explorer\main\featurecontrol\feature_securityband",outlook.exe,,,,,,,,,1,,=,,Medium,
6050,"Office 2016 / Office 365","IE Security: Information Bar (PowerPoint)",Registry,,"HKLM:\software\microsoft\internet explorer\main\featurecontrol\feature_securityband",powerpnt.exe,,,,,,,,,1,,=,,Medium,
6051,"Office 2016 / Office 365","IE Security: Information Bar (PowerPoint Viewer)",Registry,,"HKLM:\software\microsoft\internet explorer\main\featurecontrol\feature_securityband",pptview.exe,,,,,,,,,1,,=,,Medium,
6052,"Office 2016 / Office 365","IE Security: Information Bar (SharePoint Designer)",Registry,,"HKLM:\software\microsoft\internet explorer\main\featurecontrol\feature_securityband",spdesign.exe,,,,,,,,,1,,=,,Medium,
6053,"Office 2016 / Office 365","IE Security: Information Bar (Visio)",Registry,,"HKLM:\software\microsoft\internet explorer\main\featurecontrol\feature_securityband",visio.exe,,,,,,,,,1,,=,,Medium,
6054,"Office 2016 / Office 365","IE Security: Information Bar (Project)",Registry,,"HKLM:\software\microsoft\internet explorer\main\featurecontrol\feature_securityband",winproj.exe,,,,,,,,,1,,=,,Medium,
6055,"Office 2016 / Office 365","IE Security: Information Bar (Word)",Registry,,"HKLM:\software\microsoft\internet explorer\main\featurecontrol\feature_securityband",winword.exe,,,,,,,,,1,,=,,Medium,
6056,"Office 2016 / Office 365","IE Security: Local Machine Zone Lockdown Security (Excel)",Registry,,"HKLM:\software\microsoft\internet explorer\main\featurecontrol\feature_localmachine_lockdown",excel.exe,,,,,,,,,1,,=,,Medium,
6057,"Office 2016 / Office 365","IE Security: Local Machine Zone Lockdown Security (Expression Web Designer)",Registry,,"HKLM:\software\microsoft\internet explorer\main\featurecontrol\feature_localmachine_lockdown",exprwd.exe,,,,,,,,,1,,=,,Medium,
6058,"Office 2016 / Office 365","IE Security: Local Machine Zone Lockdown Security (Groove)",Registry,,"HKLM:\software\microsoft\internet explorer\main\featurecontrol\feature_localmachine_lockdown",groove.exe,,,,,,,,,1,,=,,Medium,
6059,"Office 2016 / Office 365","IE Security: Local Machine Zone Lockdown Security (Access)",Registry,,"HKLM:\software\microsoft\internet explorer\main\featurecontrol\feature_localmachine_lockdown",msaccess.exe,,,,,,,,,1,,=,,Medium,
6060,"Office 2016 / Office 365","IE Security: Local Machine Zone Lockdown Security (Script Editor)",Registry,,"HKLM:\software\microsoft\internet explorer\main\featurecontrol\feature_localmachine_lockdown",mse7.exe,,,,,,,,,1,,=,,Medium,
6061,"Office 2016 / Office 365","IE Security: Local Machine Zone Lockdown Security (Publisher)",Registry,,"HKLM:\software\microsoft\internet explorer\main\featurecontrol\feature_localmachine_lockdown",mspub.exe,,,,,,,,,1,,=,,Medium,
6062,"Office 2016 / Office 365","IE Security: Local Machine Zone Lockdown Security (OneNote)",Registry,,"HKLM:\software\microsoft\internet explorer\main\featurecontrol\feature_localmachine_lockdown",onenote.exe,,,,,,,,,1,,=,,Medium,
6063,"Office 2016 / Office 365","IE Security: Local Machine Zone Lockdown Security (Outlook)",Registry,,"HKLM:\software\microsoft\internet explorer\main\featurecontrol\feature_localmachine_lockdown",outlook.exe,,,,,,,,,1,,=,,Medium,
6064,"Office 2016 / Office 365","IE Security: Local Machine Zone Lockdown Security (PowerPoint)",Registry,,"HKLM:\software\microsoft\internet explorer\main\featurecontrol\feature_localmachine_lockdown",powerpnt.exe,,,,,,,,,1,,=,,Medium,
6065,"Office 2016 / Office 365","IE Security: Local Machine Zone Lockdown Security (PowerPoint Viewer)",Registry,,"HKLM:\software\microsoft\internet explorer\main\featurecontrol\feature_localmachine_lockdown",pptview.exe,,,,,,,,,1,,=,,Medium,
6066,"Office 2016 / Office 365","IE Security: Local Machine Zone Lockdown Security (SharePoint Designer)",Registry,,"HKLM:\software\microsoft\internet explorer\main\featurecontrol\feature_localmachine_lockdown",spdesign.exe,,,,,,,,,1,,=,,Medium,
6067,"Office 2016 / Office 365","IE Security: Local Machine Zone Lockdown Security (Visio)",Registry,,"HKLM:\software\microsoft\internet explorer\main\featurecontrol\feature_localmachine_lockdown",visio.exe,,,,,,,,,1,,=,,Medium,
6068,"Office 2016 / Office 365","IE Security: Local Machine Zone Lockdown Security (Project)",Registry,,"HKLM:\software\microsoft\internet explorer\main\featurecontrol\feature_localmachine_lockdown",winproj.exe,,,,,,,,,1,,=,,Medium,
6069,"Office 2016 / Office 365","IE Security: Local Machine Zone Lockdown Security (Word)",Registry,,"HKLM:\software\microsoft\internet explorer\main\featurecontrol\feature_localmachine_lockdown",winword.exe,,,,,,,,,1,,=,,Medium,
6070,"Office 2016 / Office 365","IE Security: Mime Sniffing Safety Feature (Excel)",Registry,,"HKLM:\software\microsoft\internet explorer\main\featurecontrol\feature_mime_sniffing",excel.exe,,,,,,,,,1,,=,,Medium,
6071,"Office 2016 / Office 365","IE Security: Mime Sniffing Safety Feature (Expression Web Designer)",Registry,,"HKLM:\software\microsoft\internet explorer\main\featurecontrol\feature_mime_sniffing",exprwd.exe,,,,,,,,,1,,=,,Medium,
6072,"Office 2016 / Office 365","IE Security: Mime Sniffing Safety Feature (Groove)",Registry,,"HKLM:\software\microsoft\internet explorer\main\featurecontrol\feature_mime_sniffing",groove.exe,,,,,,,,,1,,=,,Medium,
6073,"Office 2016 / Office 365","IE Security: Mime Sniffing Safety Feature (Access)",Registry,,"HKLM:\software\microsoft\internet explorer\main\featurecontrol\feature_mime_sniffing",msaccess.exe,,,,,,,,,1,,=,,Medium,
6074,"Office 2016 / Office 365","IE Security: Mime Sniffing Safety Feature (Script Editor)",Registry,,"HKLM:\software\microsoft\internet explorer\main\featurecontrol\feature_mime_sniffing",mse7.exe,,,,,,,,,1,,=,,Medium,
6075,"Office 2016 / Office 365","IE Security: Mime Sniffing Safety Feature (Publisher)",Registry,,"HKLM:\software\microsoft\internet explorer\main\featurecontrol\feature_mime_sniffing",mspub.exe,,,,,,,,,1,,=,,Medium,
6076,"Office 2016 / Office 365","IE Security: Mime Sniffing Safety Feature (OneNote)",Registry,,"HKLM:\software\microsoft\internet explorer\main\featurecontrol\feature_mime_sniffing",onenote.exe,,,,,,,,,1,,=,,Medium,
6077,"Office 2016 / Office 365","IE Security: Mime Sniffing Safety Feature (Outlook)",Registry,,"HKLM:\software\microsoft\internet explorer\main\featurecontrol\feature_mime_sniffing",outlook.exe,,,,,,,,,1,,=,,Medium,
6078,"Office 2016 / Office 365","IE Security: Mime Sniffing Safety Feature (PowerPoint)",Registry,,"HKLM:\software\microsoft\internet explorer\main\featurecontrol\feature_mime_sniffing",powerpnt.exe,,,,,,,,,1,,=,,Medium,
6079,"Office 2016 / Office 365","IE Security: Mime Sniffing Safety Feature (PowerPoint Viewer)",Registry,,"HKLM:\software\microsoft\internet explorer\main\featurecontrol\feature_mime_sniffing",pptview.exe,,,,,,,,,1,,=,,Medium,
6080,"Office 2016 / Office 365","IE Security: Mime Sniffing Safety Feature (SharePoint Designer)",Registry,,"HKLM:\software\microsoft\internet explorer\main\featurecontrol\feature_mime_sniffing",spdesign.exe,,,,,,,,,1,,=,,Medium,
6081,"Office 2016 / Office 365","IE Security: Mime Sniffing Safety Feature (Visio)",Registry,,"HKLM:\software\microsoft\internet explorer\main\featurecontrol\feature_mime_sniffing",visio.exe,,,,,,,,,1,,=,,Medium,
6082,"Office 2016 / Office 365","IE Security: Mime Sniffing Safety Feature (Project)",Registry,,"HKLM:\software\microsoft\internet explorer\main\featurecontrol\feature_mime_sniffing",winproj.exe,,,,,,,,,1,,=,,Medium,
6083,"Office 2016 / Office 365","IE Security: Mime Sniffing Safety Feature (Word)",Registry,,"HKLM:\software\microsoft\internet explorer\main\featurecontrol\feature_mime_sniffing",winword.exe,,,,,,,,,1,,=,,Medium,
6084,"Office 2016 / Office 365","IE Security: Navigate URL (Excel)",Registry,,"HKLM:\software\microsoft\internet explorer\main\featurecontrol\feature_validate_navigate_url",excel.exe,,,,,,,,,1,,=,,Medium,
6085,"Office 2016 / Office 365","IE Security: Navigate URL (Expression Web Designer)",Registry,,"HKLM:\software\microsoft\internet explorer\main\featurecontrol\feature_validate_navigate_url",exprwd.exe,,,,,,,,,1,,=,,Medium,
6086,"Office 2016 / Office 365","IE Security: Navigate URL (Groove)",Registry,,"HKLM:\software\microsoft\internet explorer\main\featurecontrol\feature_validate_navigate_url",groove.exe,,,,,,,,,1,,=,,Medium,
6087,"Office 2016 / Office 365","IE Security: Navigate URL (Access)",Registry,,"HKLM:\software\microsoft\internet explorer\main\featurecontrol\feature_validate_navigate_url",msaccess.exe,,,,,,,,,1,,=,,Medium,
6088,"Office 2016 / Office 365","IE Security: Navigate URL (Script Editor)",Registry,,"HKLM:\software\microsoft\internet explorer\main\featurecontrol\feature_validate_navigate_url",mse7.exe,,,,,,,,,1,,=,,Medium,
6089,"Office 2016 / Office 365","IE Security: Navigate URL (Publisher)",Registry,,"HKLM:\software\microsoft\internet explorer\main\featurecontrol\feature_validate_navigate_url",mspub.exe,,,,,,,,,1,,=,,Medium,
6090,"Office 2016 / Office 365","IE Security: Navigate URL (OneNote)",Registry,,"HKLM:\software\microsoft\internet explorer\main\featurecontrol\feature_validate_navigate_url",onenote.exe,,,,,,,,,1,,=,,Medium,
6091,"Office 2016 / Office 365","IE Security: Navigate URL (Outlook)",Registry,,"HKLM:\software\microsoft\internet explorer\main\featurecontrol\feature_validate_navigate_url",outlook.exe,,,,,,,,,1,,=,,Medium,
6092,"Office 2016 / Office 365","IE Security: Navigate URL (PowerPoint)",Registry,,"HKLM:\software\microsoft\internet explorer\main\featurecontrol\feature_validate_navigate_url",powerpnt.exe,,,,,,,,,1,,=,,Medium,
6093,"Office 2016 / Office 365","IE Security: Navigate URL (PowerPoint Viewer)",Registry,,"HKLM:\software\microsoft\internet explorer\main\featurecontrol\feature_validate_navigate_url",pptview.exe,,,,,,,,,1,,=,,Medium,
6094,"Office 2016 / Office 365","IE Security: Navigate URL (SharePoint Designer)",Registry,,"HKLM:\software\microsoft\internet explorer\main\featurecontrol\feature_validate_navigate_url",spdesign.exe,,,,,,,,,1,,=,,Medium,
6095,"Office 2016 / Office 365","IE Security: Navigate URL (Visio)",Registry,,"HKLM:\software\microsoft\internet explorer\main\featurecontrol\feature_validate_navigate_url",visio.exe,,,,,,,,,1,,=,,Medium,
6096,"Office 2016 / Office 365","IE Security: Navigate URL (Project)",Registry,,"HKLM:\software\microsoft\internet explorer\main\featurecontrol\feature_validate_navigate_url",winproj.exe,,,,,,,,,1,,=,,Medium,
6097,"Office 2016 / Office 365","IE Security: Navigate URL (Word)",Registry,,"HKLM:\software\microsoft\internet explorer\main\featurecontrol\feature_validate_navigate_url",winword.exe,,,,,,,,,1,,=,,Medium,
6098,"Office 2016 / Office 365","IE Security: Object Caching Protection (Excel)",Registry,,"HKLM:\software\microsoft\internet explorer\main\featurecontrol\feature_object_caching",excel.exe,,,,,,,,,1,,=,,Medium,
6099,"Office 2016 / Office 365","IE Security: Object Caching Protection (Expression Web Designer)",Registry,,"HKLM:\software\microsoft\internet explorer\main\featurecontrol\feature_object_caching",exprwd.exe,,,,,,,,,1,,=,,Medium,
6100,"Office 2016 / Office 365","IE Security: Object Caching Protection (Groove)",Registry,,"HKLM:\software\microsoft\internet explorer\main\featurecontrol\feature_object_caching",groove.exe,,,,,,,,,1,,=,,Medium,
6101,"Office 2016 / Office 365","IE Security: Object Caching Protection (Access)",Registry,,"HKLM:\software\microsoft\internet explorer\main\featurecontrol\feature_object_caching",msaccess.exe,,,,,,,,,1,,=,,Medium,
6102,"Office 2016 / Office 365","IE Security: Object Caching Protection (Script Editor)",Registry,,"HKLM:\software\microsoft\internet explorer\main\featurecontrol\feature_object_caching",mse7.exe,,,,,,,,,1,,=,,Medium,
6103,"Office 2016 / Office 365","IE Security: Object Caching Protection (Publisher)",Registry,,"HKLM:\software\microsoft\internet explorer\main\featurecontrol\feature_object_caching",mspub.exe,,,,,,,,,1,,=,,Medium,
6104,"Office 2016 / Office 365","IE Security: Object Caching Protection (OneNote)",Registry,,"HKLM:\software\microsoft\internet explorer\main\featurecontrol\feature_object_caching",onenote.exe,,,,,,,,,1,,=,,Medium,
6105,"Office 2016 / Office 365","IE Security: Object Caching Protection (Outlook)",Registry,,"HKLM:\software\microsoft\internet explorer\main\featurecontrol\feature_object_caching",outlook.exe,,,,,,,,,1,,=,,Medium,
6106,"Office 2016 / Office 365","IE Security: Object Caching Protection (PowerPoint)",Registry,,"HKLM:\software\microsoft\internet explorer\main\featurecontrol\feature_object_caching",powerpnt.exe,,,,,,,,,1,,=,,Medium,
6107,"Office 2016 / Office 365","IE Security: Object Caching Protection (PowerPoint Viewer)",Registry,,"HKLM:\software\microsoft\internet explorer\main\featurecontrol\feature_object_caching",pptview.exe,,,,,,,,,1,,=,,Medium,
6108,"Office 2016 / Office 365","IE Security: Object Caching Protection (SharePoint Designer)",Registry,,"HKLM:\software\microsoft\internet explorer\main\featurecontrol\feature_object_caching",spdesign.exe,,,,,,,,,1,,=,,Medium,
6109,"Office 2016 / Office 365","IE Security: Object Caching Protection (Visio)",Registry,,"HKLM:\software\microsoft\internet explorer\main\featurecontrol\feature_object_caching",visio.exe,,,,,,,,,1,,=,,Medium,
6110,"Office 2016 / Office 365","IE Security: Object Caching Protection (Project)",Registry,,"HKLM:\software\microsoft\internet explorer\main\featurecontrol\feature_object_caching",winproj.exe,,,,,,,,,1,,=,,Medium,
6111,"Office 2016 / Office 365","IE Security: Object Caching Protection (Word)",Registry,,"HKLM:\software\microsoft\internet explorer\main\featurecontrol\feature_object_caching",winword.exe,,,,,,,,,1,,=,,Medium,
6112,"Office 2016 / Office 365","IE Security: Protection From Zone Elevation (Excel)",Registry,,"HKLM:\software\microsoft\internet explorer\main\featurecontrol\feature_zone_elevation",excel.exe,,,,,,,,,1,,=,,Medium,
6113,"Office 2016 / Office 365","IE Security: Protection From Zone Elevation (Expression Web Designer)",Registry,,"HKLM:\software\microsoft\internet explorer\main\featurecontrol\feature_zone_elevation",exprwd.exe,,,,,,,,,1,,=,,Medium,
6114,"Office 2016 / Office 365","IE Security: Protection From Zone Elevation (Groove)",Registry,,"HKLM:\software\microsoft\internet explorer\main\featurecontrol\feature_zone_elevation",groove.exe,,,,,,,,,1,,=,,Medium,
6115,"Office 2016 / Office 365","IE Security: Protection From Zone Elevation (Access)",Registry,,"HKLM:\software\microsoft\internet explorer\main\featurecontrol\feature_zone_elevation",msaccess.exe,,,,,,,,,1,,=,,Medium,
6116,"Office 2016 / Office 365","IE Security: Protection From Zone Elevation (Script Editor)",Registry,,"HKLM:\software\microsoft\internet explorer\main\featurecontrol\feature_zone_elevation",mse7.exe,,,,,,,,,1,,=,,Medium,
6117,"Office 2016 / Office 365","IE Security: Protection From Zone Elevation (Publisher)",Registry,,"HKLM:\software\microsoft\internet explorer\main\featurecontrol\feature_zone_elevation",mspub.exe,,,,,,,,,1,,=,,Medium,
6118,"Office 2016 / Office 365","IE Security: Protection From Zone Elevation (OneNote)",Registry,,"HKLM:\software\microsoft\internet explorer\main\featurecontrol\feature_zone_elevation",onenote.exe,,,,,,,,,1,,=,,Medium,
6119,"Office 2016 / Office 365","IE Security: Protection From Zone Elevation (Outlook)",Registry,,"HKLM:\software\microsoft\internet explorer\main\featurecontrol\feature_zone_elevation",outlook.exe,,,,,,,,,1,,=,,Medium,
6120,"Office 2016 / Office 365","IE Security: Protection From Zone Elevation (PowerPoint)",Registry,,"HKLM:\software\microsoft\internet explorer\main\featurecontrol\feature_zone_elevation",powerpnt.exe,,,,,,,,,1,,=,,Medium,
6121,"Office 2016 / Office 365","IE Security: Protection From Zone Elevation (PowerPoint Viewer)",Registry,,"HKLM:\software\microsoft\internet explorer\main\featurecontrol\feature_zone_elevation",pptview.exe,,,,,,,,,1,,=,,Medium,
6122,"Office 2016 / Office 365","IE Security: Protection From Zone Elevation (SharePoint Designer)",Registry,,"HKLM:\software\microsoft\internet explorer\main\featurecontrol\feature_zone_elevation",spdesign.exe,,,,,,,,,1,,=,,Medium,
6123,"Office 2016 / Office 365","IE Security: Protection From Zone Elevation (Visio)",Registry,,"HKLM:\software\microsoft\internet explorer\main\featurecontrol\feature_zone_elevation",visio.exe,,,,,,,,,1,,=,,Medium,
6124,"Office 2016 / Office 365","IE Security: Protection From Zone Elevation (Project)",Registry,,"HKLM:\software\microsoft\internet explorer\main\featurecontrol\feature_zone_elevation",winproj.exe,,,,,,,,,1,,=,,Medium,
6125,"Office 2016 / Office 365","IE Security: Protection From Zone Elevation (Word)",Registry,,"HKLM:\software\microsoft\internet explorer\main\featurecontrol\feature_zone_elevation",winword.exe,,,,,,,,,1,,=,,Medium,
6126,"Office 2016 / Office 365","IE Security: Restrict ActiveX Install (Excel)",Registry,,"HKLM:\software\microsoft\internet explorer\main\featurecontrol\feature_restrict_activexinstall",excel.exe,,,,,,,,,1,,=,,Medium,
6127,"Office 2016 / Office 365","IE Security: Restrict ActiveX Install (Expression Web Designer)",Registry,,"HKLM:\software\microsoft\internet explorer\main\featurecontrol\feature_restrict_activexinstall",exprwd.exe,,,,,,,,,1,,=,,Medium,
6128,"Office 2016 / Office 365","IE Security: Restrict ActiveX Install (Groove)",Registry,,"HKLM:\software\microsoft\internet explorer\main\featurecontrol\feature_restrict_activexinstall",groove.exe,,,,,,,,,1,,=,,Medium,
6129,"Office 2016 / Office 365","IE Security: Restrict ActiveX Install (Access)",Registry,,"HKLM:\software\microsoft\internet explorer\main\featurecontrol\feature_restrict_activexinstall",msaccess.exe,,,,,,,,,1,,=,,Medium,
6130,"Office 2016 / Office 365","IE Security: Restrict ActiveX Install (Script Editor)",Registry,,"HKLM:\software\microsoft\internet explorer\main\featurecontrol\feature_restrict_activexinstall",mse7.exe,,,,,,,,,1,,=,,Medium,
6131,"Office 2016 / Office 365","IE Security: Restrict ActiveX Install (Publisher)",Registry,,"HKLM:\software\microsoft\internet explorer\main\featurecontrol\feature_restrict_activexinstall",mspub.exe,,,,,,,,,1,,=,,Medium,
6132,"Office 2016 / Office 365","IE Security: Restrict ActiveX Install (OneNote)",Registry,,"HKLM:\software\microsoft\internet explorer\main\featurecontrol\feature_restrict_activexinstall",onenote.exe,,,,,,,,,1,,=,,Medium,
6133,"Office 2016 / Office 365","IE Security: Restrict ActiveX Install (Outlook)",Registry,,"HKLM:\software\microsoft\internet explorer\main\featurecontrol\feature_restrict_activexinstall",outlook.exe,,,,,,,,,1,,=,,Medium,
6134,"Office 2016 / Office 365","IE Security: Restrict ActiveX Install (PowerPoint)",Registry,,"HKLM:\software\microsoft\internet explorer\main\featurecontrol\feature_restrict_activexinstall",powerpnt.exe,,,,,,,,,1,,=,,Medium,
6135,"Office 2016 / Office 365","IE Security: Restrict ActiveX Install (PowerPoint Viewer)",Registry,,"HKLM:\software\microsoft\internet explorer\main\featurecontrol\feature_restrict_activexinstall",pptview.exe,,,,,,,,,1,,=,,Medium,
6136,"Office 2016 / Office 365","IE Security: Restrict ActiveX Install (SharePoint Designer)",Registry,,"HKLM:\software\microsoft\internet explorer\main\featurecontrol\feature_restrict_activexinstall",spdesign.exe,,,,,,,,,1,,=,,Medium,
6137,"Office 2016 / Office 365","IE Security: Restrict ActiveX Install (Visio)",Registry,,"HKLM:\software\microsoft\internet explorer\main\featurecontrol\feature_restrict_activexinstall",visio.exe,,,,,,,,,1,,=,,Medium,
6138,"Office 2016 / Office 365","IE Security: Restrict ActiveX Install (Project)",Registry,,"HKLM:\software\microsoft\internet explorer\main\featurecontrol\feature_restrict_activexinstall",winproj.exe,,,,,,,,,1,,=,,Medium,
6139,"Office 2016 / Office 365","IE Security: Restrict ActiveX Install (Word)",Registry,,"HKLM:\software\microsoft\internet explorer\main\featurecontrol\feature_restrict_activexinstall",winword.exe,,,,,,,,,1,,=,,Medium,
6140,"Office 2016 / Office 365","IE Security: Restrict File Download (Excel)",Registry,,"HKLM:\software\microsoft\internet explorer\main\featurecontrol\feature_restrict_filedownload",excel.exe,,,,,,,,,1,,=,,Medium,
6141,"Office 2016 / Office 365","IE Security: Restrict File Download (Expression Web Designer)",Registry,,"HKLM:\software\microsoft\internet explorer\main\featurecontrol\feature_restrict_filedownload",exprwd.exe,,,,,,,,,1,,=,,Medium,
6142,"Office 2016 / Office 365","IE Security: Restrict File Download (Groove)",Registry,,"HKLM:\software\microsoft\internet explorer\main\featurecontrol\feature_restrict_filedownload",groove.exe,,,,,,,,,1,,=,,Medium,
6143,"Office 2016 / Office 365","IE Security: Restrict File Download (Access)",Registry,,"HKLM:\software\microsoft\internet explorer\main\featurecontrol\feature_restrict_filedownload",msaccess.exe,,,,,,,,,1,,=,,Medium,
6144,"Office 2016 / Office 365","IE Security: Restrict File Download (Script Editor)",Registry,,"HKLM:\software\microsoft\internet explorer\main\featurecontrol\feature_restrict_filedownload",mse7.exe,,,,,,,,,1,,=,,Medium,
6145,"Office 2016 / Office 365","IE Security: Restrict File Download (Publisher)",Registry,,"HKLM:\software\microsoft\internet explorer\main\featurecontrol\feature_restrict_filedownload",mspub.exe,,,,,,,,,1,,=,,Medium,
6146,"Office 2016 / Office 365","IE Security: Restrict File Download (OneNote)",Registry,,"HKLM:\software\microsoft\internet explorer\main\featurecontrol\feature_restrict_filedownload",onenote.exe,,,,,,,,,1,,=,,Medium,
6147,"Office 2016 / Office 365","IE Security: Restrict File Download (Outlook)",Registry,,"HKLM:\software\microsoft\internet explorer\main\featurecontrol\feature_restrict_filedownload",outlook.exe,,,,,,,,,1,,=,,Medium,
6148,"Office 2016 / Office 365","IE Security: Restrict File Download (PowerPoint)",Registry,,"HKLM:\software\microsoft\internet explorer\main\featurecontrol\feature_restrict_filedownload",powerpnt.exe,,,,,,,,,1,,=,,Medium,
6149,"Office 2016 / Office 365","IE Security: Restrict File Download (PowerPoint Viewer)",Registry,,"HKLM:\software\microsoft\internet explorer\main\featurecontrol\feature_restrict_filedownload",pptview.exe,,,,,,,,,1,,=,,Medium,
6150,"Office 2016 / Office 365","IE Security: Restrict File Download (SharePoint Designer)",Registry,,"HKLM:\software\microsoft\internet explorer\main\featurecontrol\feature_restrict_filedownload",spdesign.exe,,,,,,,,,1,,=,,Medium,
6151,"Office 2016 / Office 365","IE Security: Restrict File Download (Visio)",Registry,,"HKLM:\software\microsoft\internet explorer\main\featurecontrol\feature_restrict_filedownload",visio.exe,,,,,,,,,1,,=,,Medium,
6152,"Office 2016 / Office 365","IE Security: Restrict File Download (Project)",Registry,,"HKLM:\software\microsoft\internet explorer\main\featurecontrol\feature_restrict_filedownload",winproj.exe,,,,,,,,,1,,=,,Medium,
6153,"Office 2016 / Office 365","IE Security: Restrict File Download (Word)",Registry,,"HKLM:\software\microsoft\internet explorer\main\featurecontrol\feature_restrict_filedownload",winword.exe,,,,,,,,,1,,=,,Medium,
6154,"Office 2016 / Office 365","IE Security: Saved from URL (Excel)",Registry,,"HKLM:\software\microsoft\internet explorer\main\featurecontrol\feature_unc_savedfilecheck",excel.exe,,,,,,,,,1,,=,,Medium,
6155,"Office 2016 / Office 365","IE Security: Saved from URL (Expression Web Designer)",Registry,,"HKLM:\software\microsoft\internet explorer\main\featurecontrol\feature_unc_savedfilecheck",exprwd.exe,,,,,,,,,1,,=,,Medium,
6156,"Office 2016 / Office 365","IE Security: Saved from URL (Groove)",Registry,,"HKLM:\software\microsoft\internet explorer\main\featurecontrol\feature_unc_savedfilecheck",groove.exe,,,,,,,,,1,,=,,Medium,
6157,"Office 2016 / Office 365","IE Security: Saved from URL (Access)",Registry,,"HKLM:\software\microsoft\internet explorer\main\featurecontrol\feature_unc_savedfilecheck",msaccess.exe,,,,,,,,,1,,=,,Medium,
6158,"Office 2016 / Office 365","IE Security: Saved from URL (Script Editor)",Registry,,"HKLM:\software\microsoft\internet explorer\main\featurecontrol\feature_unc_savedfilecheck",mse7.exe,,,,,,,,,1,,=,,Medium,
6159,"Office 2016 / Office 365","IE Security: Saved from URL (Publisher)",Registry,,"HKLM:\software\microsoft\internet explorer\main\featurecontrol\feature_unc_savedfilecheck",mspub.exe,,,,,,,,,1,,=,,Medium,
6160,"Office 2016 / Office 365","IE Security: Saved from URL (OneNote)",Registry,,"HKLM:\software\microsoft\internet explorer\main\featurecontrol\feature_unc_savedfilecheck",onenote.exe,,,,,,,,,1,,=,,Medium,
6161,"Office 2016 / Office 365","IE Security: Saved from URL (Outlook)",Registry,,"HKLM:\software\microsoft\internet explorer\main\featurecontrol\feature_unc_savedfilecheck",outlook.exe,,,,,,,,,1,,=,,Medium,
6162,"Office 2016 / Office 365","IE Security: Saved from URL (PowerPoint)",Registry,,"HKLM:\software\microsoft\internet explorer\main\featurecontrol\feature_unc_savedfilecheck",powerpnt.exe,,,,,,,,,1,,=,,Medium,
6163,"Office 2016 / Office 365","IE Security: Saved from URL (PowerPoint Viewer)",Registry,,"HKLM:\software\microsoft\internet explorer\main\featurecontrol\feature_unc_savedfilecheck",pptview.exe,,,,,,,,,1,,=,,Medium,
6164,"Office 2016 / Office 365","IE Security: Saved from URL (SharePoint Designer)",Registry,,"HKLM:\software\microsoft\internet explorer\main\featurecontrol\feature_unc_savedfilecheck",spdesign.exe,,,,,,,,,1,,=,,Medium,
6165,"Office 2016 / Office 365","IE Security: Saved from URL (Visio)",Registry,,"HKLM:\software\microsoft\internet explorer\main\featurecontrol\feature_unc_savedfilecheck",visio.exe,,,,,,,,,1,,=,,Medium,
6166,"Office 2016 / Office 365","IE Security: Saved from URL (Project)",Registry,,"HKLM:\software\microsoft\internet explorer\main\featurecontrol\feature_unc_savedfilecheck",winproj.exe,,,,,,,,,1,,=,,Medium,
6167,"Office 2016 / Office 365","IE Security: Saved from URL (Word)",Registry,,"HKLM:\software\microsoft\internet explorer\main\featurecontrol\feature_unc_savedfilecheck",winword.exe,,,,,,,,,1,,=,,Medium,
6168,"Office 2016 / Office 365","IE Security: Scripted Window Security Restrictions (Excel)",Registry,,"HKLM:\software\microsoft\internet explorer\main\featurecontrol\feature_window_restrictions",excel.exe,,,,,,,,,1,,=,,Medium,
6169,"Office 2016 / Office 365","IE Security: Scripted Window Security Restrictions (Expression Web Designer)",Registry,,"HKLM:\software\microsoft\internet explorer\main\featurecontrol\feature_window_restrictions",exprwd.exe,,,,,,,,,1,,=,,Medium,
6170,"Office 2016 / Office 365","IE Security: Scripted Window Security Restrictions (Groove)",Registry,,"HKLM:\software\microsoft\internet explorer\main\featurecontrol\feature_window_restrictions",groove.exe,,,,,,,,,1,,=,,Medium,
6171,"Office 2016 / Office 365","IE Security: Scripted Window Security Restrictions (Access)",Registry,,"HKLM:\software\microsoft\internet explorer\main\featurecontrol\feature_window_restrictions",msaccess.exe,,,,,,,,,1,,=,,Medium,
6172,"Office 2016 / Office 365","IE Security: Scripted Window Security Restrictions (Script Editor)",Registry,,"HKLM:\software\microsoft\internet explorer\main\featurecontrol\feature_window_restrictions",mse7.exe,,,,,,,,,1,,=,,Medium,
6173,"Office 2016 / Office 365","IE Security: Scripted Window Security Restrictions (Publisher)",Registry,,"HKLM:\software\microsoft\internet explorer\main\featurecontrol\feature_window_restrictions",mspub.exe,,,,,,,,,1,,=,,Medium,
6174,"Office 2016 / Office 365","IE Security: Scripted Window Security Restrictions (OneNote)",Registry,,"HKLM:\software\microsoft\internet explorer\main\featurecontrol\feature_window_restrictions",onenote.exe,,,,,,,,,1,,=,,Medium,
6175,"Office 2016 / Office 365","IE Security: Scripted Window Security Restrictions (Outlook)",Registry,,"HKLM:\software\microsoft\internet explorer\main\featurecontrol\feature_window_restrictions",outlook.exe,,,,,,,,,1,,=,,Medium,
6176,"Office 2016 / Office 365","IE Security: Scripted Window Security Restrictions (PowerPoint)",Registry,,"HKLM:\software\microsoft\internet explorer\main\featurecontrol\feature_window_restrictions",powerpnt.exe,,,,,,,,,1,,=,,Medium,
6177,"Office 2016 / Office 365","IE Security: Scripted Window Security Restrictions (PowerPoint Viewer)",Registry,,"HKLM:\software\microsoft\internet explorer\main\featurecontrol\feature_window_restrictions",pptview.exe,,,,,,,,,1,,=,,Medium,
6178,"Office 2016 / Office 365","IE Security: Scripted Window Security Restrictions (SharePoint Designer)",Registry,,"HKLM:\software\microsoft\internet explorer\main\featurecontrol\feature_window_restrictions",spdesign.exe,,,,,,,,,1,,=,,Medium,
6179,"Office 2016 / Office 365","IE Security: Scripted Window Security Restrictions (Visio)",Registry,,"HKLM:\software\microsoft\internet explorer\main\featurecontrol\feature_window_restrictions",visio.exe,,,,,,,,,1,,=,,Medium,
6180,"Office 2016 / Office 365","IE Security: Scripted Window Security Restrictions (Project)",Registry,,"HKLM:\software\microsoft\internet explorer\main\featurecontrol\feature_window_restrictions",winproj.exe,,,,,,,,,1,,=,,Medium,
6181,"Office 2016 / Office 365","IE Security: Scripted Window Security Restrictions (Word)",Registry,,"HKLM:\software\microsoft\internet explorer\main\featurecontrol\feature_window_restrictions",winword.exe,,,,,,,,,1,,=,,Medium,
6182,"Office 2016 / Office 365","MS Security Guide: Block Flash activation in Office documents",Registry,,"HKLM:\SOFTWARE\Microsoft\Office\Common\COM Compatibility",Comment,,,,,,,,,"Block all Flash activation",,=,,Medium,
6183,"Office 2016 / Office 365","Skype for Business: Configure SIP security mode",Registry,,HKLM:\software\policies\microsoft\office\16.0\lync,enablesiphighsecuritymode,,,,,,,,,1,,=,,Medium,
6184,"Office 2016 / Office 365","Skype for Business: Disable HTTP fallback for SIP connection",Registry,,HKLM:\software\policies\microsoft\office\16.0\lync,disablehttpconnect,,,,,,,,,1,,=,,Medium,
6185,"Office 2016 / Office 365","Restrict legacy JScript execution for Office (Excel)",Registry,,"HKLM:\software\policies\microsoft\internet explorer\main\featurecontrol\FEATURE_RESTRICT_LEGACY_JSCRIPT_PER_SECURITY_ZONE",excel.exe,,,,,,,,,69632,,=,,Medium,
6186,"Office 2016 / Office 365","Restrict legacy JScript execution for Office (Publisher)",Registry,,"HKLM:\software\policies\microsoft\internet explorer\main\featurecontrol\FEATURE_RESTRICT_LEGACY_JSCRIPT_PER_SECURITY_ZONE",mspub.exe,,,,,,,,,69632,,=,,Medium,
6187,"Office 2016 / Office 365","Restrict legacy JScript execution for Office (PowerPoint)",Registry,,"HKLM:\software\policies\microsoft\internet explorer\main\featurecontrol\FEATURE_RESTRICT_LEGACY_JSCRIPT_PER_SECURITY_ZONE",powerpnt.exe,,,,,,,,,69632,,=,,Medium,
6188,"Office 2016 / Office 365","Restrict legacy JScript execution for Office (OneNote)",Registry,,"HKLM:\software\policies\microsoft\internet explorer\main\featurecontrol\FEATURE_RESTRICT_LEGACY_JSCRIPT_PER_SECURITY_ZONE",onenote.exe,,,,,,,,,69632,,=,,Medium,
6189,"Office 2016 / Office 365","Restrict legacy JScript execution for Office (Visio)",Registry,,"HKLM:\software\policies\microsoft\internet explorer\main\featurecontrol\FEATURE_RESTRICT_LEGACY_JSCRIPT_PER_SECURITY_ZONE",visio.exe,,,,,,,,,69632,,=,,Medium,
6190,"Office 2016 / Office 365","Restrict legacy JScript execution for Office (Project)",Registry,,"HKLM:\software\policies\microsoft\internet explorer\main\featurecontrol\FEATURE_RESTRICT_LEGACY_JSCRIPT_PER_SECURITY_ZONE",winproj.exe,,,,,,,,,69632,,=,,Medium,
6191,"Office 2016 / Office 365","Restrict legacy JScript execution for Office (Word)",Registry,,"HKLM:\software\policies\microsoft\internet explorer\main\featurecontrol\FEATURE_RESTRICT_LEGACY_JSCRIPT_PER_SECURITY_ZONE",winword.exe,,,,,,,,,69632,,=,,Medium,
6192,"Office 2016 / Office 365","Restrict legacy JScript execution for Office (Outlook)",Registry,,"HKLM:\software\policies\microsoft\internet explorer\main\featurecontrol\FEATURE_RESTRICT_LEGACY_JSCRIPT_PER_SECURITY_ZONE",outlook.exe,,,,,,,,,69632,,=,,Medium,
6193,"Office 2016 / Office 365","Restrict legacy JScript execution for Office (Access)",Registry,,"HKLM:\software\policies\microsoft\internet explorer\main\featurecontrol\FEATURE_RESTRICT_LEGACY_JSCRIPT_PER_SECURITY_ZONE",msaccess.exe,,,,,,,,,69632,,=,,Medium,
