ID,Category,Name,Method,MethodArgument,RegistryPath,RegistryItem,RegistryPathIntune,RegistryPathDCP,RegistryItemIntune,ClassName,Namespace,Property,DefaultValue,DefaultValueIntune,RecommendedValue,RecommendedValueIntune,Operator,OperatorIntune,Severity,Filter
201,"Account Policies","Password must meet complexity requirements",secedit,"System Access\PasswordComplexity",,,,,,,,,0,,1,,=,,Medium,
202,"Account Policies","Length of password history maintained",accountpolicy,,,,HKLM:\SOFTWARE\Microsoft\PolicyManager\Providers\{GUID}\default\Device\DeviceLock,HKLM:\SOFTWARE\Microsoft\PolicyManager\current\device\DeviceLock,DevicePasswordHistory,,,,None,,24,,>=,,Low,
200,"Account Policies","Store passwords using reversible encryption",secedit,"System Access\ClearTextPassword",,,,,,,,,0,,0,,=,,Medium,
203,"Account Policies","Maximum password age",accountpolicy,,,,HKLM:\SOFTWARE\Microsoft\PolicyManager\Providers\{GUID}\default\Device\DeviceLock,HKLM:\SOFTWARE\Microsoft\PolicyManager\current\device\DeviceLock,DevicePasswordExpiration,,,,42,,365,,<=!0,,Low,
204,"Account Policies","Minimum password length",accountpolicy,,,,HKLM:\SOFTWARE\Microsoft\PolicyManager\Providers\{GUID}\default\Device\DeviceLock,HKLM:\SOFTWARE\Microsoft\PolicyManager\current\device\DeviceLock,MinDevicePasswordLength,,,,0,,14,,>=,,Medium,
205,"Account Policies","Minimum password age",accountpolicy,,,,,,,,,,0,,1,,>=,,Low,
288,"User Rights Assignment","Access Credential Manager as a trusted caller",accesschk,SeTrustedCredManAccessPrivilege,,,,,,,,,,,,,=,,Medium,
289,"User Rights Assignment","Access this computer from the network",accesschk,SeNetworkLogonRight,,,,,,,,,"BUILTIN\Backup Operators;BUILTIN\Users;BUILTIN\Administrators;Everyone",,"BUILTIN\Remote Desktop Users;BUILTIN\Administrators",,=,,Medium,
292,"User Rights Assignment","Act as part of the operating system",accesschk,SeTcbPrivilege,,,,,,,,,,,,,=,,Medium,
287,"User Rights Assignment","Adjust memory quotas for a process",accesschk,SeIncreaseQuotaPrivilege,,,,,,,,,"BUILTIN\Administrators;NT AUTHORITY\NETWORK SERVICE;NT AUTHORITY\LOCAL SERVICE",,"BUILTIN\Administrators;NT AUTHORITY\NETWORK SERVICE;NT AUTHORITY\LOCAL SERVICE",,=,,Medium,
307,"User Rights Assignment","Allow log on locally",accesschk,SeInteractiveLogonRight,,,,,,,,,"BUILTIN\Backup Operators;BUILTIN\Users;BUILTIN\Administrators;COMPUTERNAME\Guest",,BUILTIN\Users;BUILTIN\Administrators,,=,,Medium,
285,"User Rights Assignment","Allow log on through Remote Desktop Services",accesschk,SeRemoteInteractiveLogonRight,,,,,,,,,"BUILTIN\Remote Desktop Users;BUILTIN\Administrators",,"BUILTIN\Remote Desktop Users;BUILTIN\Administrators",,=,,Medium,
308,"User Rights Assignment","Back up files and directories",accesschk,SeBackupPrivilege,,,,,,,,,"BUILTIN\Administrators;BUILTIN\Backup Operators",,BUILTIN\Administrators,,=,,Medium,
277,"User Rights Assignment","Change the system time",accesschk,SeSystemTimePrivilege,,,,,,,,,"BUILTIN\Administrators;NT AUTHORITY\LOCAL SERVICE",,"BUILTIN\Administrators;NT AUTHORITY\LOCAL SERVICE",,=,,Medium,
278,"User Rights Assignment","Change the time zone",accesschk,SeTimeZonePrivilege,,,,,,,,,"BUILTIN\Device Owners;BUILTIN\Users;BUILTIN\Administrators;NT AUTHORITY\LOCAL SERVICE",,"BUILTIN\Users;BUILTIN\Administrators;NT AUTHORITY\LOCAL SERVICE",,=,,Medium,
295,"User Rights Assignment","Create a pagefile",accesschk,SeCreatePagefilePrivilege,,,,,,,,,BUILTIN\Administrators,,BUILTIN\Administrators,,=,,Medium,
298,"User Rights Assignment","Create a token object",accesschk,SeCreateTokenPrivilege,,,,,,,,,,,,,=,,Medium,
299,"User Rights Assignment","Create global objects",accesschk,SeCreateGlobalPrivilege,,,,,,,,,"NT AUTHORITY\SERVICE;BUILTIN\Administrators;NT AUTHORITY\NETWORK SERVICE;NT AUTHORITY\LOCAL SERVICE",,"NT AUTHORITY\SERVICE;BUILTIN\Administrators;NT AUTHORITY\NETWORK SERVICE;NT AUTHORITY\LOCAL SERVICE",,=,,Medium,
301,"User Rights Assignment","Create permanent shared objects",accesschk,SeCreatePermanentPrivilege,,,,,,,,,,,,,=,,Medium,
300,"User Rights Assignment","Create symbolic links",accesschk,SeCreateSymbolicLinkPrivilege,,,,,,,,,BUILTIN\Administrators,,BUILTIN\Administrators,,=,,Medium,
290,"User Rights Assignment","Debug programs",accesschk,SeDebugPrivilege,,,,,,,,,BUILTIN\Administrators,,BUILTIN\Administrators,,=,,Medium,
315,"User Rights Assignment","Deny access to this computer from the network",accesschk,SeDenyNetworkLogonRight,,,,,,,,,COMPUTERNAME\Guest,,"Guest;NT AUTHORITY\Local account;NT AUTHORITY\ANONYMOUS LOGON",,=,,Medium,
280,"User Rights Assignment","Deny log on as a batch job",accesschk,SeDenyBatchLogonRight,,,,,,,,,,,"Guest;NT AUTHORITY\ANONYMOUS LOGON",,=,,Medium,
282,"User Rights Assignment","Deny log on as a service",accesschk,SeDenyServiceLogonRight,,,,,,,,,,,"BUILTIN\Guests;NT AUTHORITY\ANONYMOUS LOGON",,=,,Medium,
306,"User Rights Assignment","Deny log on locally",accesschk,SeDenyInteractiveLogonRight,,,,,,,,,BUILTIN\Guests,,"BUILTIN\Guests;NT AUTHORITY\ANONYMOUS LOGON",,=,,Medium,
284,"User Rights Assignment","Deny log on through Remote Desktop Services",accesschk,SeDenyRemoteInteractiveLogonRight,,,,,,,,,,,"BUILTIN\Guests;NT AUTHORITY\Local account;NT AUTHORITY\ANONYMOUS LOGON",,=,,Medium,
302,"User Rights Assignment","Force shutdown from a remote system",accesschk,SeRemoteShutdownPrivilege,,,,,,,,,BUILTIN\Administrators,,BUILTIN\Administrators,,=,,Medium,
303,"User Rights Assignment","Generate security audits",accesschk,SeAuditPrivilege,,,,,,,,,"NT AUTHORITY\NETWORK SERVICE;NT AUTHORITY\LOCAL SERVICE",,"NT AUTHORITY\NETWORK SERVICE;NT AUTHORITY\LOCAL SERVICE",,=,,Medium,
286,"User Rights Assignment","Impersonate a client after authentication",accesschk,SeImpersonatePrivilege,,,,,,,,,"NT AUTHORITY\SERVICE;BUILTIN\Administrators;NT AUTHORITY\NETWORK SERVICE;NT AUTHORITY\LOCAL SERVICE",,"NT AUTHORITY\SERVICE;BUILTIN\Administrators;NT AUTHORITY\NETWORK SERVICE;NT AUTHORITY\LOCAL SERVICE",,=,,Medium,
279,"User Rights Assignment","Increase scheduling priority",accesschk,SeIncreaseBasePriorityPrivilege,,,,,,,,,"Window Manager\Window Manager Group;BUILTIN\Administrators",,"Window Manager\Window Manager Group;BUILTIN\Administrators",,=,,Medium,
305,"User Rights Assignment","Load and unload device drivers",accesschk,SeLoadDriverPrivilege,,,,,,,,,BUILTIN\Administrators,,BUILTIN\Administrators,,=,,Medium,
309,"User Rights Assignment","Lock pages in memory",accesschk,SeLockMemoryPrivilege,,,,,,,,,,,,,=,,Medium,
313,"User Rights Assignment","Manage auditing and security log",accesschk,SeSecurityPrivilege,,,,,,,,,BUILTIN\Administrators,,BUILTIN\Administrators,,=,,Medium,
312,"User Rights Assignment","Modify an object label",accesschk,SeReLabelPrivilege,,,,,,,,,,,,,=,,Medium,
311,"User Rights Assignment","Modify firmware environment values",accesschk,SeSystemEnvironmentPrivilege,,,,,,,,,BUILTIN\Administrators,,BUILTIN\Administrators,,=,,Medium,
291,"User Rights Assignment","Perform volume maintenance tasks",accesschk,SeManageVolumePrivilege,,,,,,,,,BUILTIN\Administrators,,BUILTIN\Administrators,,=,,Medium,
297,"User Rights Assignment","Profile single process",accesschk,SeProfileSingleProcessPrivilege,,,,,,,,,BUILTIN\Administrators,,BUILTIN\Administrators,,=,,Medium,
296,"User Rights Assignment","Profile system performance",accesschk,SeSystemProfilePrivilege,,,,,,,,,"NT SERVICE\WdiServiceHost;BUILTIN\Administrators",,"NT SERVICE\WdiServiceHost;BUILTIN\Administrators",,=,,Medium,
294,"User Rights Assignment","Replace a process level token",accesschk,SeAssignPrimaryTokenPrivilege,,,,,,,,,"NT AUTHORITY\NETWORK SERVICE;NT AUTHORITY\LOCAL SERVICE",,"NT AUTHORITY\NETWORK SERVICE;NT AUTHORITY\LOCAL SERVICE",,=,,Medium,
314,"User Rights Assignment","Restore files and directories",accesschk,SeRestorePrivilege,,,,,,,,,"BUILTIN\Backup Operators;BUILTIN\Administrators",,BUILTIN\Administrators,,=,,Medium,
304,"User Rights Assignment","Shut down the system",accesschk,SeShutdownPrivilege,,,,,,,,,"BUILTIN\Backup Operators;BUILTIN\Users;BUILTIN\Administrators",,BUILTIN\Users;BUILTIN\Administrators,,=,,Medium,
310,"User Rights Assignment","Take ownership of files or other objects",accesschk,SeTakeOwnershipPrivilege,,,,,,,,,BUILTIN\Administrators,,BUILTIN\Administrators,,=,,Medium,
210,"Security Options","User Account Control: Admin Approval Mode for the Built-in Administrator account",Registry,,HKLM:\SOFTWARE\Microsoft\Windows\CurrentVersion\Policies\System,FilterAdministratorToken,HKLM:\SOFTWARE\Microsoft\PolicyManager\Providers\{GUID}\default\Device\LocalPoliciesSecurityOptions,HKLM:\SOFTWARE\Microsoft\PolicyManager\current\device\LocalPoliciesSecurityOptions,UserAccountControl_UseAdminApprovalMode,,,,0,,1,,=,,Medium,
211,"Security Options","User Account Control: Run all administrators in Admin Approval Mode",Registry,,HKLM:\SOFTWARE\Microsoft\Windows\CurrentVersion\Policies\System,EnableLUA,HKLM:\SOFTWARE\Microsoft\PolicyManager\Providers\{GUID}\default\Device\LocalPoliciesSecurityOptions,HKLM:\SOFTWARE\Microsoft\PolicyManager\current\device\LocalPoliciesSecurityOptions,UserAccountControl_RunAllAdministratorsInAdminApprovalMode,,,,1,,1,,=,,Medium,
212,"Security Options","User Account Control: Detect application installations and prompt for elevation",Registry,,HKLM:\SOFTWARE\Microsoft\Windows\CurrentVersion\Policies\System,EnableInstallerDetection,HKLM:\SOFTWARE\Microsoft\PolicyManager\Providers\{GUID}\default\Device\LocalPoliciesSecurityOptions,HKLM:\SOFTWARE\Microsoft\PolicyManager\current\device\LocalPoliciesSecurityOptions,UserAccountControl_DetectApplicationInstallationsAndPromptForElevation,,,,1,,1,,=,,Medium,
213,"Security Options","User Account Control: Switch to the secure desktop when prompting for elevation",Registry,,HKLM:\SOFTWARE\Microsoft\Windows\CurrentVersion\Policies\System,PromptOnSecureDesktop,HKLM:\SOFTWARE\Microsoft\PolicyManager\Providers\{GUID}\default\Device\LocalPoliciesSecurityOptions,HKLM:\SOFTWARE\Microsoft\PolicyManager\current\device\LocalPoliciesSecurityOptions,UserAccountControl_SwitchToTheSecureDesktopWhenPromptingForElevation,,,,1,,1,,=,,Medium,
214,"Security Options","User Account Control: Virtualize file and registry write failures to per-user locations",Registry,,HKLM:\SOFTWARE\Microsoft\Windows\CurrentVersion\Policies\System,EnableVirtualization,HKLM:\SOFTWARE\Microsoft\PolicyManager\Providers\{GUID}\default\Device\LocalPoliciesSecurityOptions,HKLM:\SOFTWARE\Microsoft\PolicyManager\current\device\LocalPoliciesSecurityOptions,UserAccountControl_VirtualizeFileAndRegistryWriteFailuresToPerUserLocations,,,,1,,1,,=,,Medium,
215,"Security Options","User Account Control: Only elevate UIAccess applications that are installed in secure locations",Registry,,HKLM:\SOFTWARE\Microsoft\Windows\CurrentVersion\Policies\System,EnableSecureUIAPaths,HKLM:\SOFTWARE\Microsoft\PolicyManager\Providers\{GUID}\default\Device\LocalPoliciesSecurityOptions,HKLM:\SOFTWARE\Microsoft\PolicyManager\current\device\LocalPoliciesSecurityOptions,UserAccountControl_OnlyElevateUIAccessApplicationsThatAreInstalledInSecureLocations,,,,1,,1,,=,,Medium,
216,"Security Options","User Account Control: Allow UIAccess applications to prompt for elevation without using the secure desktop",Registry,,HKLM:\SOFTWARE\Microsoft\Windows\CurrentVersion\Policies\System,EnableUIADesktopToggle,HKLM:\SOFTWARE\Microsoft\PolicyManager\Providers\{GUID}\default\Device\LocalPoliciesSecurityOptions,HKLM:\SOFTWARE\Microsoft\PolicyManager\current\device\LocalPoliciesSecurityOptions,UserAccountControl_AllowUIAccessApplicationsToPromptForElevation,,,,,,0,,=,,Medium,
217,"Security Options","User Account Control: Behavior of the elevation prompt for administrators in Admin Approval Mode",Registry,,HKLM:\SOFTWARE\Microsoft\Windows\CurrentVersion\Policies\System,ConsentPromptBehaviorAdmin,HKLM:\SOFTWARE\Microsoft\PolicyManager\Providers\{GUID}\default\Device\LocalPoliciesSecurityOptions,HKLM:\SOFTWARE\Microsoft\PolicyManager\current\device\LocalPoliciesSecurityOptions,UserAccountControl_BehaviorOfTheElevationPromptForAdministrators,,,,5,,2,,=,,Medium,
218,"Security Options","User Account Control: Behavior of the elevation prompt for standard users",Registry,,HKLM:\SOFTWARE\Microsoft\Windows\CurrentVersion\Policies\System,ConsentPromptBehaviorUser,HKLM:\SOFTWARE\Microsoft\PolicyManager\Providers\{GUID}\default\Device\LocalPoliciesSecurityOptions,HKLM:\SOFTWARE\Microsoft\PolicyManager\current\device\LocalPoliciesSecurityOptions,UserAccountControl_BehaviorOfTheElevationPromptForStandardUsers,,,,0,,1,,=,,Medium,
226,"Security Options","Devices: Allowed to format and eject removable media",Registry,,"HKLM:\SOFTWARE\Microsoft\Windows NT\CurrentVersion\Winlogon",AllocateDASD,HKLM:\SOFTWARE\Microsoft\PolicyManager\Providers\{GUID}\default\Device\LocalPoliciesSecurityOptions,HKLM:\SOFTWARE\Microsoft\PolicyManager\current\device\LocalPoliciesSecurityOptions,Devices_AllowedToFormatAndEjectRemovableMedia,,,,2,,2,,=,,Medium,
227,"Security Options","Interactive logon: Prompt user to change password before expiration (Max)",Registry,,HKLM:\SOFTWARE\Microsoft\Windows\CurrentVersion\Policies\System,PasswordExpiryWarning,HKLM:\SOFTWARE\Microsoft\PolicyManager\Providers\{GUID}\default\Device\LocalPoliciesSecurityOptions,HKLM:\SOFTWARE\Microsoft\PolicyManager\current\device\LocalPoliciesSecurityOptions,InteractiveLogon_PromptUserToChangePasswordBeforeExpiration,,,,5,,14,,<=,,Low,
227,"Security Options","Interactive logon: Prompt user to change password before expiration (Min)",Registry,,HKLM:\SOFTWARE\Microsoft\Windows\CurrentVersion\Policies\System,PasswordExpiryWarning,HKLM:\SOFTWARE\Microsoft\PolicyManager\Providers\{GUID}\default\Device\LocalPoliciesSecurityOptions,HKLM:\SOFTWARE\Microsoft\PolicyManager\current\device\LocalPoliciesSecurityOptions,InteractiveLogon_PromptUserToChangePasswordBeforeExpiration,,,,5,,5,,>=,,Low,
229,"Security Options","Interactive logon: Machine inactivity limit",Registry,,HKLM:\SOFTWARE\Microsoft\Windows\CurrentVersion\Policies\System,InactivityTimeoutSecs,HKLM:\SOFTWARE\Microsoft\PolicyManager\Providers\{GUID}\default\Device\LocalPoliciesSecurityOptions,HKLM:\SOFTWARE\Microsoft\PolicyManager\current\device\LocalPoliciesSecurityOptions,InteractiveLogon_MachineInactivityLimit,,,,900,,900,,<=!0,,Medium,
230,"Security Options","Interactive logon: Do not require CTRL+ALT+DEL",Registry,,HKLM:\Software\Microsoft\Windows\CurrentVersion\Policies\System,DisableCAD,HKLM:\SOFTWARE\Microsoft\PolicyManager\Providers\{GUID}\default\Device\LocalPoliciesSecurityOptions,HKLM:\SOFTWARE\Microsoft\PolicyManager\current\device\LocalPoliciesSecurityOptions,InteractiveLogon_DoNotRequireCTRLALTDEL,,,,1,,0,,=,,Low,
231,"Security Options","Interactive logon: Message text for users attempting to log on",Registry,,HKLM:\SOFTWARE\Microsoft\Windows\CurrentVersion\Policies\System,LegalNoticeText,HKLM:\SOFTWARE\Microsoft\PolicyManager\Providers\{GUID}\default\Device\LocalPoliciesSecurityOptions,HKLM:\SOFTWARE\Microsoft\PolicyManager\current\device\LocalPoliciesSecurityOptions,InteractiveLogon_MessageTextForUsersAttemptingToLogOn,,,,,,,,!=,,Low,
209,"Security Options","Interactive logon: Message title for users attempting to log on",Registry,,HKLM:\SOFTWARE\Microsoft\Windows\CurrentVersion\Policies\System,LegalNoticeCaption,HKLM:\SOFTWARE\Microsoft\PolicyManager\Providers\{GUID}\default\Device\LocalPoliciesSecurityOptions,HKLM:\SOFTWARE\Microsoft\PolicyManager\current\device\LocalPoliciesSecurityOptions,InteractiveLogon_MessageTitleForUsersAttemptingToLogOn,,,,,,,,!=,,Low,
234,"Security Options","Interactive logon: Don't display last signed-in",Registry,,HKLM:\Software\Microsoft\Windows\CurrentVersion\Policies\System,DontDisplayLastUserName,HKLM:\SOFTWARE\Microsoft\PolicyManager\Providers\{GUID}\default\Device\LocalPoliciesSecurityOptions,HKLM:\SOFTWARE\Microsoft\PolicyManager\current\device\LocalPoliciesSecurityOptions,InteractiveLogon_DoNotDisplayLastSignedIn,,,,0,,1,,=,,Low,
235,"Security Options","Accounts: Rename administrator account",localaccount,500,,,,,,,,,Administrator,,Administrator,,!=,,Low,
236,"Security Options","Accounts: Administrator account status",localaccount,500,,,,,,,,,False,,False,,=,,Medium,
238,"Security Options","Accounts: Rename guest account",localaccount,501,,,,,,,,,Guest,,Guest,,!=,,Low,
237,"Security Options","Accounts: Guest account status",localaccount,501,,,,,,,,,False,,False,,=,,Medium,
239,"Security Options","Accounts: Limit local account use of blank passwords to console logon only",Registry,,HKLM:\System\CurrentControlSet\Control\Lsa,LimitBlankPasswordUse,HKLM:\SOFTWARE\Microsoft\PolicyManager\Providers\{GUID}\default\Device\LocalPoliciesSecurityOptions,HKLM:\SOFTWARE\Microsoft\PolicyManager\current\device\LocalPoliciesSecurityOptions,Accounts_LimitLocalAccountUseOfBlankPasswordsToConsoleLogonOnly,,,,1,,1,,=,,Medium,
240,"Security Options","Accounts: Block Microsoft accounts",Registry,,HKLM:\SOFTWARE\Microsoft\Windows\CurrentVersion\Policies\System,NoConnectedUser,HKLM:\SOFTWARE\Microsoft\PolicyManager\Providers\{GUID}\default\Device\LocalPoliciesSecurityOptions,HKLM:\SOFTWARE\Microsoft\PolicyManager\current\device\LocalPoliciesSecurityOptions,Accounts_BlockMicrosoftAccounts,,,,0,,3,,=,,Low,
241,"Security Options","Microsoft network client: Digitally sign communications (always)",Registry,,HKLM:\System\CurrentControlSet\Services\LanmanWorkstation\Parameters,RequireSecuritySignature,HKLM:\SOFTWARE\Microsoft\PolicyManager\Providers\{GUID}\default\Device\LocalPoliciesSecurityOptions,HKLM:\SOFTWARE\Microsoft\PolicyManager\current\device\LocalPoliciesSecurityOptions,MicrosoftNetworkClient_DigitallySignCommunicationsAlways,,,,0,,1,,=,,Medium,
242,"Security Options","Microsoft network client: Digitally sign communications (if server agrees)",Registry,,HKLM:\System\CurrentControlSet\Services\LanmanWorkstation\Parameters,EnableSecuritySignature,HKLM:\SOFTWARE\Microsoft\PolicyManager\Providers\{GUID}\default\Device\LocalPoliciesSecurityOptions,HKLM:\SOFTWARE\Microsoft\PolicyManager\current\device\LocalPoliciesSecurityOptions,MicrosoftNetworkClient_DigitallySignCommunicationsIfServerAgrees,,,,1,,1,,=,,Medium,
243,"Security Options","Microsoft network client: Send unencrypted password to third-party SMB servers",Registry,,HKLM:\System\CurrentControlSet\Services\LanmanWorkstation\Parameters,EnablePlainTextPassword,HKLM:\SOFTWARE\Microsoft\PolicyManager\Providers\{GUID}\default\Device\LocalPoliciesSecurityOptions,HKLM:\SOFTWARE\Microsoft\PolicyManager\current\device\LocalPoliciesSecurityOptions,MicrosoftNetworkClient_SendUnencryptedPasswordToThirdPartySMBServers,,,,0,,0,,=,,Medium,
244,"Security Options","Microsoft network server: Disconnect clients when logon hours expire",Registry,,HKLM:\System\CurrentControlSet\Services\LanManServer\Parameters,enableforcedlogoff,HKLM:\SOFTWARE\Microsoft\PolicyManager\Providers\{GUID}\default\Device\LocalPoliciesSecurityOptions,HKLM:\SOFTWARE\Microsoft\PolicyManager\current\device\LocalPoliciesSecurityOptions,MicrosoftNetworkServer_DisconnectClientsWhenLogonHoursExpire,,,,1,,1,,=,,Medium,
245,"Security Options","Microsoft network server: Digitally sign communications (always)",Registry,,HKLM:\System\CurrentControlSet\Services\LanManServer\Parameters,RequireSecuritySignature,HKLM:\SOFTWARE\Microsoft\PolicyManager\Providers\{GUID}\default\Device\LocalPoliciesSecurityOptions,HKLM:\SOFTWARE\Microsoft\PolicyManager\current\device\LocalPoliciesSecurityOptions,MicrosoftNetworkServer_DigitallySignCommunicationsAlways,,,,0,,1,,=,,Medium,
246,"Security Options","Microsoft network server: Digitally sign communications (if client agrees)",Registry,,HKLM:\System\CurrentControlSet\Services\LanManServer\Parameters,EnableSecuritySignature,HKLM:\SOFTWARE\Microsoft\PolicyManager\Providers\{GUID}\default\Device\LocalPoliciesSecurityOptions,HKLM:\SOFTWARE\Microsoft\PolicyManager\current\device\LocalPoliciesSecurityOptions,MicrosoftNetworkServer_DigitallySignCommunicationsIfClientAgrees,,,,0,,1,,=,,Medium,
247,"Security Options","Microsoft network server: Amount of idle time required before suspending session",Registry,,HKLM:\SYSTEM\CurrentControlSet\Services\LanManServer\Parameters,AutoDisconnect,HKLM:\SOFTWARE\Microsoft\PolicyManager\Providers\{GUID}\default\Device\LocalPoliciesSecurityOptions,HKLM:\SOFTWARE\Microsoft\PolicyManager\current\device\LocalPoliciesSecurityOptions,MicrosoftNetworkServer_AmountOfIdleTimeRequiredBeforeSuspendingSession,,,,15,,15,,<=,,Medium,
252,"Security Options","Network security: Configure encryption types allowed for Kerberos",Registry,,HKLM:\SOFTWARE\Microsoft\Windows\CurrentVersion\Policies\System\Kerberos\Parameters,SupportedEncryptionTypes,,,,,,,2147483644,,2147483640,,<=,,Medium,
253,"Security Options","Network security: Do not store LAN Manager hash value on next password change",Registry,,HKLM:\System\CurrentControlSet\Control\Lsa,NoLMHash,HKLM:\SOFTWARE\Microsoft\PolicyManager\Providers\{GUID}\default\Device\LocalPoliciesSecurityOptions,HKLM:\SOFTWARE\Microsoft\PolicyManager\current\device\LocalPoliciesSecurityOptions,NetworkSecurity_DoNotStoreLANManagerHashValueOnNextPasswordChange,,,,1,,1,,=,,High,
254,"Security Options","Network security: LAN Manager authentication level",Registry,,HKLM:\System\CurrentControlSet\Control\Lsa,LmCompatibilityLevel,HKLM:\SOFTWARE\Microsoft\PolicyManager\Providers\{GUID}\default\Device\LocalPoliciesSecurityOptions,HKLM:\SOFTWARE\Microsoft\PolicyManager\current\device\LocalPoliciesSecurityOptions,NetworkSecurity_LANManagerAuthenticationLevel,,,,3,,3,,=,,Medium,
255,"Security Options","Network security: Allow PKU2U authentication requests to this computer to use online identities",Registry,,HKLM:\System\CurrentControlSet\Control\Lsa\pku2u,AllowOnlineID,HKLM:\SOFTWARE\Microsoft\PolicyManager\Providers\{GUID}\default\Device\LocalPoliciesSecurityOptions,HKLM:\SOFTWARE\Microsoft\PolicyManager\current\device\LocalPoliciesSecurityOptions,NetworkSecurity_AllowPKU2UAuthenticationRequests,,,,,,0,,=,,Medium,
256,"Security Options","Network security: Allow Local System to use computer identity for NTLM",Registry,,HKLM:\System\CurrentControlSet\Control\Lsa,UseMachineId,HKLM:\SOFTWARE\Microsoft\PolicyManager\Providers\{GUID}\default\Device\LocalPoliciesSecurityOptions,HKLM:\SOFTWARE\Microsoft\PolicyManager\current\device\LocalPoliciesSecurityOptions,NetworkSecurity_AllowLocalSystemToUseComputerIdentityForNTLM,,,,0,,1,,=,,Medium,
257,"Security Options","Network security: Minimum session security for NTLM SSP based (including secure RPC) clients",Registry,,HKLM:\System\CurrentControlSet\Control\Lsa\MSV1_0,NTLMMinClientSec,HKLM:\SOFTWARE\Microsoft\PolicyManager\Providers\{GUID}\default\Device\LocalPoliciesSecurityOptions,HKLM:\SOFTWARE\Microsoft\PolicyManager\current\device\LocalPoliciesSecurityOptions,NetworkSecurity_MinimumSessionSecurityForNTLMSSPBasedClients,,,,536870912,,537395200,,=,,Medium,
258,"Security Options","Network security: Minimum session security for NTLM SSP based (including secure RPC) servers",Registry,,HKLM:\System\CurrentControlSet\Control\Lsa\MSV1_0,NTLMMinServerSec,HKLM:\SOFTWARE\Microsoft\PolicyManager\Providers\{GUID}\default\Device\LocalPoliciesSecurityOptions,HKLM:\SOFTWARE\Microsoft\PolicyManager\current\device\LocalPoliciesSecurityOptions,NetworkSecurity_MinimumSessionSecurityForNTLMSSPBasedServers,,,,536870912,,537395200,,=,,Medium,
259,"Security Options","Network security: LDAP client signing requirements",Registry,,HKLM:\System\CurrentControlSet\Services\LDAP,LDAPClientIntegrity,HKLM:\SOFTWARE\Microsoft\PolicyManager\Providers\{GUID}\default\Device\LocalPoliciesSecurityOptions,HKLM:\SOFTWARE\Microsoft\PolicyManager\current\device\LocalPoliciesSecurityOptions,NetworkSecurity_LDAPClientSigningRequirements,,,,1,,1,,>=,,Medium,
260,"Security Options","Network security: Allow LocalSystem NULL session fallback",Registry,,HKLM:\System\CurrentControlSet\Control\Lsa\MSV1_0,allownullsessionfallback,HKLM:\SOFTWARE\Microsoft\PolicyManager\Providers\{GUID}\default\Device\LocalPoliciesSecurityOptions,HKLM:\SOFTWARE\Microsoft\PolicyManager\current\device\LocalPoliciesSecurityOptions,NetworkSecurity_AllowLocalSystemNULLSessionFallback,,,,0,,0,,=,,Medium,
261,"Security Options","Network access: Do not allow anonymous enumeration of SAM accounts",Registry,,HKLM:\System\CurrentControlSet\Control\Lsa,RestrictAnonymousSAM,HKLM:\SOFTWARE\Microsoft\PolicyManager\Providers\{GUID}\default\Device\LocalPoliciesSecurityOptions,HKLM:\SOFTWARE\Microsoft\PolicyManager\current\device\LocalPoliciesSecurityOptions,NetworkAccess_DoNotAllowAnonymousEnumerationOfSAMAccounts,,,,1,,1,,=,,Medium,
262,"Security Options","Network access: Do not allow anonymous enumeration of SAM accounts and shares",Registry,,HKLM:\System\CurrentControlSet\Control\Lsa,RestrictAnonymous,HKLM:\SOFTWARE\Microsoft\PolicyManager\Providers\{GUID}\default\Device\LocalPoliciesSecurityOptions,HKLM:\SOFTWARE\Microsoft\PolicyManager\current\device\LocalPoliciesSecurityOptions,NetworkAccess_DoNotAllowAnonymousEnumerationOfSAMAccountsAndShares,,,,0,,1,,=,,Medium,
263,"Security Options","Network access: Allow anonymous SID/Name translation",secedit,"System Access\LSAAnonymousNameLookup",,,,,,,,,0,,0,,=,,Medium,
264,"Security Options","Network access: Restrict anonymous access to Named Pipes and Shares",Registry,,HKLM:\System\CurrentControlSet\Services\LanManServer\Parameters,RestrictNullSessAccess,HKLM:\SOFTWARE\Microsoft\PolicyManager\Providers\{GUID}\default\Device\LocalPoliciesSecurityOptions,HKLM:\SOFTWARE\Microsoft\PolicyManager\current\device\LocalPoliciesSecurityOptions,NetworkAccess_RestrictAnonymousAccessToNamedPipesAndShares,,,,1,,1,,=,,Medium,
265,"Security Options","Network access: Restrict clients allowed to make remote calls to SAM",Registry,,HKLM:\System\CurrentControlSet\Control\Lsa,RestrictRemoteSAM,HKLM:\SOFTWARE\Microsoft\PolicyManager\Providers\{GUID}\default\Device\LocalPoliciesSecurityOptions,HKLM:\SOFTWARE\Microsoft\PolicyManager\current\device\LocalPoliciesSecurityOptions,NetworkAccess_RestrictClientsAllowedToMakeRemoteCallsToSAM,,,,,,O:BAG:BAD:(A;;RC;;;BA),,=,,Medium,
266,"Security Options","Network access: Let Everyone permissions apply to anonymous users",Registry,,HKLM:\System\CurrentControlSet\Control\Lsa,EveryoneIncludesAnonymous,HKLM:\SOFTWARE\Microsoft\PolicyManager\Providers\{GUID}\default\Device\LocalPoliciesSecurityOptions,HKLM:\SOFTWARE\Microsoft\PolicyManager\current\device\LocalPoliciesSecurityOptions,NetworkAccess_LetEveryonePermissionsApplyToAnonymousUsers,,,,0,,0,,=,,Medium,
267,"Security Options","Network access: Shares that can be accessed anonymously",Registry,,HKLM:\System\CurrentControlSet\Services\LanManServer\Parameters,NullSessionShares,HKLM:\SOFTWARE\Microsoft\PolicyManager\Providers\{GUID}\default\Device\LocalPoliciesSecurityOptions,HKLM:\SOFTWARE\Microsoft\PolicyManager\current\device\LocalPoliciesSecurityOptions,NetworkAccess_SharesThatCanBeAccessedAnonymously,,,,,,,,=,,Medium,
268,"Security Options","Network access: Sharing and security model for local accounts",Registry,,HKLM:\System\CurrentControlSet\Control\Lsa,ForceGuest,HKLM:\SOFTWARE\Microsoft\PolicyManager\Providers\{GUID}\default\Device\LocalPoliciesSecurityOptions,HKLM:\SOFTWARE\Microsoft\PolicyManager\current\device\LocalPoliciesSecurityOptions,NetworkAccess_SharingAndSecurityModelForLocalAccounts,,,,0,,0,,=,,Medium,
269,"Security Options","Network access: Named Pipes that can be accessed anonymously",Registry,,HKLM:\SYSTEM\CurrentControlSet\Services\LanManServer\Parameters,NullSessionPipes,HKLM:\SOFTWARE\Microsoft\PolicyManager\Providers\{GUID}\default\Device\LocalPoliciesSecurityOptions,HKLM:\SOFTWARE\Microsoft\PolicyManager\current\device\LocalPoliciesSecurityOptions,NetworkAccess_NamedPipesThatCanBeAccessedAnonymously,,,,,,,,=,,Medium,
270,"Security Options","Network access: Remotely accessible registry paths and sub-paths",Registry,,HKLM:\SYSTEM\CurrentControlSet\Control\SecurePipeServers\Winreg\AllowedPaths,Machine,HKLM:\SOFTWARE\Microsoft\PolicyManager\Providers\{GUID}\default\Device\LocalPoliciesSecurityOptions,HKLM:\SOFTWARE\Microsoft\PolicyManager\current\device\LocalPoliciesSecurityOptions,NetworkAccess_RemotelyAccessibleRegistryPathsAndSubpaths,,,,"System\CurrentControlSet\Control\Print\Printers System\CurrentControlSet\Services\Eventlog Software\Microsoft\OLAP Server Software\Microsoft\Windows NT\CurrentVersion\Print Software\Microsoft\Windows NT\CurrentVersion\Windows System\CurrentControlSet\Control\ContentIndex System\CurrentControlSet\Control\Terminal Server System\CurrentControlSet\Control\Terminal Server\UserConfig System\CurrentControlSet\Control\Terminal Server\DefaultUserConfiguration Software\Microsoft\Windows NT\CurrentVersion\Perflib System\CurrentControlSet\Services\SysmonLog",,"System\CurrentControlSet\Control\Print\Printers;System\CurrentControlSet\Services\Eventlog;Software\Microsoft\OLAP Server;Software\Microsoft\Windows NT\CurrentVersion\Print;Software\Microsoft\Windows NT\CurrentVersion\Windows;System\CurrentControlSet\Control\ContentIndex;System\CurrentControlSet\Control\Terminal Server;System\CurrentControlSet\Control\Terminal Server\UserConfig;System\CurrentControlSet\Control\Terminal Server\DefaultUserConfiguration;Software\Microsoft\Windows NT\CurrentVersion\Perflib;System\CurrentControlSet\Services\SysmonLog",,=,,Medium,
271,"Security Options","Network access: Remotely accessible registry paths",Registry,,HKLM:\SYSTEM\CurrentControlSet\Control\SecurePipeServers\Winreg\AllowedExactPaths,Machine,HKLM:\SOFTWARE\Microsoft\PolicyManager\Providers\{GUID}\default\Device\LocalPoliciesSecurityOptions,HKLM:\SOFTWARE\Microsoft\PolicyManager\current\device\LocalPoliciesSecurityOptions,NetworkAccess_RemotelyAccessibleRegistryPaths,,,,"System\CurrentControlSet\Control\ProductOptions System\CurrentControlSet\Control\Server Applications Software\Microsoft\Windows NT\CurrentVersion",,"System\CurrentControlSet\Control\ProductOptions;System\CurrentControlSet\Control\Server Applications;Software\Microsoft\Windows NT\CurrentVersion",,=,,Medium,
272,"Security Options","Network access: Do not allow storage of passwords and credentials for network authentication",Registry,,HKLM:\System\CurrentControlSet\Control\Lsa,DisableDomainCreds,HKLM:\SOFTWARE\Microsoft\PolicyManager\Providers\{GUID}\default\Device\LocalPoliciesSecurityOptions,HKLM:\SOFTWARE\Microsoft\PolicyManager\current\device\LocalPoliciesSecurityOptions,NetworkAccess_DoNotAllowStorageOfPasswordsAndCredentialsForNetworkAuthentication,,,,0,,1,,=,,Medium,
275,"Security Options","System objects: Require case insensitivity for non-Windows subsystem",Registry,,"HKLM:\SYSTEM\CurrentControlSet\Control\Session Manager\Kernel",ObCaseInsensitive,HKLM:\SOFTWARE\Microsoft\PolicyManager\Providers\{GUID}\default\Device\LocalPoliciesSecurityOptions,HKLM:\SOFTWARE\Microsoft\PolicyManager\current\device\LocalPoliciesSecurityOptions,SystemObjects_RequireCaseInsensitivityForNonWindowsSubsystems,,,,1,,1,,=,,Medium,
276,"Security Options","System objects: Strengthen default permissions of internal system objects (e.g. Symbolic Links)",Registry,,"HKLM:\System\CurrentControlSet\Control\Session Manager",ProtectionMode,HKLM:\SOFTWARE\Microsoft\PolicyManager\Providers\{GUID}\default\Device\LocalPoliciesSecurityOptions,HKLM:\SOFTWARE\Microsoft\PolicyManager\current\device\LocalPoliciesSecurityOptions,SystemObjects_StrengthenDefaultPermissionsOfInternalSystemObjects,,,,1,,1,,=,,Medium,
320,"System Services","Computer Browser (Browser)",Registry,,HKLM:\SYSTEM\CurrentControlSet\Services\Browser,Start,HKLM:\SOFTWARE\Microsoft\PolicyManager\Providers\{GUID}\default\Device\SystemServices,HKLM:\SOFTWARE\Microsoft\PolicyManager\current\device\SystemServices,ConfigureComputerBrowserServiceStartupMode,,,,,,4,,=|0,,Medium,
320,"System Services","Computer Browser (Browser) (Service Startup type) (!Check for false positive for service ""bowser""!)",service,Browser,,,,,,,,,Manual,,Disabled,,=|0,,Medium,
317,"System Services","Diagnostics Tracking Service (DiagTrack)",Registry,,HKLM:\SYSTEM\CurrentControlSet\Services\DiagTrack,Start,,,,,,,2,,4,,=,,Medium,
317,"System Services","Diagnostics Tracking Service (DiagTrack) (Service Startup type)",service,DiagTrack,,,,,,,,,Automatic,,Disabled,,=,,Medium,
351,"System Services","Windows Mobile Hotspot Service (icssvc)",Registry,,HKLM:\SYSTEM\CurrentControlSet\Services\icssvc,Start,HKLM:\SOFTWARE\Microsoft\PolicyManager\Providers\{GUID}\default\Device\SystemServices,HKLM:\SOFTWARE\Microsoft\PolicyManager\current\device\SystemServices,ConfigureWindowsMobileHotspotServiceStartupMode,,,,3,,4,,=,,Medium,
351,"System Services","Windows Mobile Hotspot Service (icssvc) (Service Startup type)",service,icssvc,,,,,,,,,Manual,,Disabled,,=,,Medium,
324,"System Services","Infrared monitor service (irmon)",Registry,,HKLM:\SYSTEM\CurrentControlSet\Services\irmon,Start,HKLM:\SOFTWARE\Microsoft\PolicyManager\Providers\{GUID}\default\Device\SystemServices,HKLM:\SOFTWARE\Microsoft\PolicyManager\current\device\SystemServices,ConfigureInfraredMonitorServiceStartupMode,,,,,,4,,=,,Medium,
324,"System Services","Infrared monitor service (irmon) (Service Startup type)",service,irmon,,,,,,,,,,,Disabled,,=|0,,Medium,
338,"System Services","Routing and Remote Access (RemoteAccess)",Registry,,HKLM:\SYSTEM\CurrentControlSet\Services\RemoteAccess,Start,HKLM:\SOFTWARE\Microsoft\PolicyManager\Providers\{GUID}\default\Device\SystemServices,HKLM:\SOFTWARE\Microsoft\PolicyManager\current\device\SystemServices,ConfigureRoutingAndRemoteAccessServiceStartupMode,,,,4,,4,,=,,Medium,
338,"System Services","Routing and Remote Access (RemoteAccess) (Service Startup type)",service,RemoteAccess,,,,,,,,,Disabled,,Disabled,,=,,Medium,
339,"System Services","Remote Procedure Call (RPC) Locator (RpcLocator)",Registry,,HKLM:\SYSTEM\CurrentControlSet\Services\RpcLocator,Start,HKLM:\SOFTWARE\Microsoft\PolicyManager\Providers\{GUID}\default\Device\SystemServices,HKLM:\SOFTWARE\Microsoft\PolicyManager\current\device\SystemServices,ConfigureRemoteProcedureCallLocatorServiceStartupMode,,,,3,,4,,=,,Medium,
339,"System Services","Remote Procedure Call (RPC) Locator (RpcLocator) (Service Startup type)",service,RpcLocator,,,,,,,,,Manual,,Disabled,,=,,Medium,
321,"System Services","Internet Connection Sharing (ICS) (SharedAccess)",Registry,,HKLM:\SYSTEM\CurrentControlSet\Services\SharedAccess,Start,HKLM:\SOFTWARE\Microsoft\PolicyManager\Providers\{GUID}\default\Device\SystemServices,HKLM:\SOFTWARE\Microsoft\PolicyManager\current\device\SystemServices,ConfigureInternetConnectionSharingServiceStartupMode,,,,3,,4,,=,,Medium,
321,"System Services","Internet Connection Sharing (ICS) (SharedAccess) (Service Startup type)",service,SharedAccess,,,,,,,,,Manual,,Disabled,,=,,Medium,
343,"System Services","SSDP Discovery (SSDPSRV)",Registry,,HKLM:\SYSTEM\CurrentControlSet\Services\SSDPSRV,Start,HKLM:\SOFTWARE\Microsoft\PolicyManager\Providers\{GUID}\default\Device\SystemServices,HKLM:\SOFTWARE\Microsoft\PolicyManager\current\device\SystemServices,ConfigureSSDPDiscoveryServiceStartupMode,,,,3,,4,,=,,Medium,
343,"System Services","SSDP Discovery (SSDPSRV) (Service Startup type)",service,SSDPSRV,,,,,,,,,Manual,,Disabled,,=,,Medium,
345,"System Services","UPnP Device Host (upnphost)",Registry,,HKLM:\SYSTEM\CurrentControlSet\Services\upnphost,Start,HKLM:\SOFTWARE\Microsoft\PolicyManager\Providers\{GUID}\default\Device\SystemServices,HKLM:\SOFTWARE\Microsoft\PolicyManager\current\device\SystemServices,ConfigureUPnPDeviceHostServiceStartupMode,,,,3,,4,,=,,Medium,
345,"System Services","UPnP Device Host (upnphost) (Service Startup type)",service,upnphost,,,,,,,,,Manual,,Disabled,,=,,Medium,
349,"System Services","Windows Media Player Network Sharing Service (WMPNetworkSvc)",Registry,,HKLM:\SYSTEM\CurrentControlSet\Services\WMPNetworkSvc,Start,HKLM:\SOFTWARE\Microsoft\PolicyManager\Providers\{GUID}\default\Device\SystemServices,HKLM:\SOFTWARE\Microsoft\PolicyManager\current\device\SystemServices,ConfigureWindowsMediaPlayerNetworkSharingServiceStartupMode,,,,3,,4,,=,,Medium,
349,"System Services","Windows Media Player Network Sharing Service (WMPNetworkSvc) (Service Startup type)",service,WMPNetworkSvc,,,,,,,,,Manual,,Disabled,,=|0,,Medium,
358,"System Services","Xbox Live Auth Manager (XblAuthManager)",Registry,,HKLM:\SYSTEM\CurrentControlSet\Services\XblAuthManager,Start,HKLM:\SOFTWARE\Microsoft\PolicyManager\Providers\{GUID}\default\Device\SystemServices,HKLM:\SOFTWARE\Microsoft\PolicyManager\current\device\SystemServices,ConfigureXboxLiveAuthManagerServiceStartupMode,,,,3,,4,,=,,Medium,
358,"System Services","Xbox Live Auth Manager (XblAuthManager) (Service Startup type)",service,XblAuthManager,,,,,,,,,Manual,,Disabled,,=,,Medium,
360,"System Services","Xbox Live Game Save (XblGameSave)",Registry,,HKLM:\SYSTEM\CurrentControlSet\Services\XblGameSave,Start,HKLM:\SOFTWARE\Microsoft\PolicyManager\Providers\{GUID}\default\Device\SystemServices,HKLM:\SOFTWARE\Microsoft\PolicyManager\current\device\SystemServices,ConfigureXboxLiveGameSaveServiceStartupMode,,,,3,,4,,=,,Medium,
360,"System Services","Xbox Live Game Save (XblGameSave) (Service Startup type)",service,XblGameSave,,,,,,,,,Manual,,Disabled,,=,,Medium,
357,"System Services","Xbox Accessory Management Service (XboxGipSvc)",Registry,,HKLM:\SYSTEM\CurrentControlSet\Services\XboxGipSvc,Start,HKLM:\SOFTWARE\Microsoft\PolicyManager\Providers\{GUID}\default\Device\SystemServices,HKLM:\SOFTWARE\Microsoft\PolicyManager\current\device\SystemServices,ConfigureXboxAccessoryManagementServiceStartupMode,,,,3,,4,,=,,Medium,
357,"System Services","Xbox Accessory Management Service (XboxGipSvc) (Service Startup type)",service,XboxGipSvc,,,,,,,,,Manual,,Disabled,,=,,Medium,
359,"System Services","Xbox Live Networking Service (XboxNetApiSvc)",Registry,,HKLM:\SYSTEM\CurrentControlSet\Services\XboxNetApiSvc,Start,HKLM:\SOFTWARE\Microsoft\PolicyManager\Providers\{GUID}\default\Device\SystemServices,HKLM:\SOFTWARE\Microsoft\PolicyManager\current\device\SystemServices,ConfigureXboxLiveNetworkingServiceStartupMode,,,,3,,4,,=,,Medium,
359,"System Services","Xbox Live Networking Service (XboxNetApiSvc) (Service Startup type)",service,XboxNetApiSvc,,,,,,,,,Manual,,Disabled,,=,,Medium,
323,"System Services","IIS Admin Service (IISADMIN)",Registry,,HKLM:\SYSTEM\CurrentControlSet\Services\IISADMIN,Start,HKLM:\SOFTWARE\Microsoft\PolicyManager\Providers\{GUID}\default\Device\SystemServices,HKLM:\SOFTWARE\Microsoft\PolicyManager\current\device\SystemServices,ConfigureIISAdminServiceStartupMode,,,,,,4,,=|0,,Medium,
323,"System Services","IIS Admin Service (IISADMIN) (Service Startup type)",service,IISADMIN,,,,,,,,,"",,Disabled,,=|0,,Medium,
326,"System Services","LxssManager (LxssManager)",Registry,,HKLM:\SYSTEM\CurrentControlSet\Services\LxssManager,Start,HKLM:\SOFTWARE\Microsoft\PolicyManager\Providers\{GUID}\default\Device\SystemServices,HKLM:\SOFTWARE\Microsoft\PolicyManager\current\device\SystemServices,ConfigureLxssManagerServiceStartupMode,,,,"",,4,,=|0,,Medium,
326,"System Services","LxssManager (LxssManager) (Service Startup type)",service,LxssManager,,,,,,,,,,,Disabled,,=|0,,Medium,
328,"System Services","Microsoft FTP Service (FTPSVC)",Registry,,HKLM:\SYSTEM\CurrentControlSet\Services\FTPSVC,Start,HKLM:\SOFTWARE\Microsoft\PolicyManager\Providers\{GUID}\default\Device\SystemServices,HKLM:\SOFTWARE\Microsoft\PolicyManager\current\device\SystemServices,ConfigureMicrosoftFTPServiceStartupMode,,,,,,4,,=|0,,Medium,
328,"System Services","Microsoft FTP Service (FTPSVC) (Service Startup type)",service,FTPSVC,,,,,,,,,"",,Disabled,,=|0,,Medium,
331,"System Services","OpenSSH SSH Server (sshd)",Registry,,HKLM:\SYSTEM\CurrentControlSet\Services\sshd,Start,,,,,,,,,4,,=|0,,Medium,
331,"System Services","OpenSSH SSH Server (sshd) (Service Startup type)",service,sshd,,,,,,,,,,,Disabled,,=|0,,Medium,
341,"System Services","Simple TCP/IP Services (simptcp)",Registry,,HKLM:\SYSTEM\CurrentControlSet\Services\simptcp,Start,HKLM:\SOFTWARE\Microsoft\PolicyManager\Providers\{GUID}\default\Device\SystemServices,HKLM:\SOFTWARE\Microsoft\PolicyManager\current\device\SystemServices,ConfigureSimpleTCPIPServicesStartupMode,,,,,,4,,=|0,,Medium,
341,"System Services","Simple TCP/IP Services (simptcp) (Service Startup type)",service,simptcp,,,,,,,,,"",,Disabled,,=|0,,Medium,
348,"System Services","Web Management Service (WMSvc)",Registry,,HKLM:\SYSTEM\CurrentControlSet\Services\WMSvc,Start,HKLM:\SOFTWARE\Microsoft\PolicyManager\Providers\{GUID}\default\Device\SystemServices,HKLM:\SOFTWARE\Microsoft\PolicyManager\current\device\SystemServices,ConfigureWebManagementServiceStartupMode,,,,,,4,,=|0,,Medium,
348,"System Services","Web Management Service (WMSvc) (Service Startup type)",service,WMSvc,,,,,,,,,"",,Disabled,,=|0,,Medium,
356,"System Services","World Wide Web Publishing Service (W3SVC)",Registry,,HKLM:\SYSTEM\CurrentControlSet\Services\W3SVC,Start,HKLM:\SOFTWARE\Microsoft\PolicyManager\Providers\{GUID}\default\Device\SystemServices,HKLM:\SOFTWARE\Microsoft\PolicyManager\current\device\SystemServices,ConfigureWorldWideWebPublishingServiceStartupMode,,,,,,4,,=|0,,Medium,
356,"System Services","World Wide Web Publishing Service (W3SVC) (Service Startup type)",service,W3SVC,,,,,,,,,,,Disabled,,=|0,,Medium,
371,"Windows Firewall","Outbound Connections (Private Profile, Policy)",Registry,,HKLM:\SOFTWARE\Policies\Microsoft\WindowsFirewall\PrivateProfile,DefaultOutboundAction,HKLM:\SYSTEM\CurrentControlSet\Services\SharedAccess\Parameters\FirewallPolicy\Mdm\StandardProfile,,DefaultOutboundAction,,,,0,,0,,=,,Medium,
372,"Windows Firewall","Display a notification (Private Profile, Policy)",Registry,,HKLM:\SOFTWARE\Policies\Microsoft\WindowsFirewall\PrivateProfile,DisableNotifications,HKLM:\SYSTEM\CurrentControlSet\Services\SharedAccess\Parameters\FirewallPolicy\Mdm\StandardProfile,,DisableInboundNotifications,,,,0,,1,,=,,Low,
373,"Windows Firewall","Inbound Connections (Private Profile, Policy)",Registry,,HKLM:\SOFTWARE\Policies\Microsoft\WindowsFirewall\PrivateProfile,DefaultInboundAction,HKLM:\SYSTEM\CurrentControlSet\Services\SharedAccess\Parameters\FirewallPolicy\Mdm\StandardProfile,,DefaultInboundAction,,,,1,,1,,=,,Medium,
374,"Windows Firewall","EnableFirewall (Private Profile, Policy)",Registry,,HKLM:\SOFTWARE\Policies\Microsoft\WindowsFirewall\PrivateProfile,EnableFirewall,HKLM:\SYSTEM\CurrentControlSet\Services\SharedAccess\Parameters\FirewallPolicy\Mdm\StandardProfile,,EnableFirewall,,,,0,,1,,=,,Medium,
365,"Windows Firewall","Outbound Connections (Private Profile, Policy)",Registry,,HKLM:\SOFTWARE\Policies\Microsoft\WindowsFirewall\PrivateProfile,DefaultOutboundAction,HKLM:\SYSTEM\CurrentControlSet\Services\SharedAccess\Parameters\FirewallPolicy\Mdm\StandardProfile,,DefaultOutboundAction,,,,0,,0,,=,,Medium,
366,"Windows Firewall","Display a notification (Public Profile, Policy)",Registry,,HKLM:\SOFTWARE\Policies\Microsoft\WindowsFirewall\PublicProfile,DisableNotifications,HKLM:\SYSTEM\CurrentControlSet\Services\SharedAccess\Parameters\FirewallPolicy\Mdm\PublicProfile,,DisableInboundNotifications,,,,0,,1,,=,,Low,
367,"Windows Firewall","Inbound Connections (Public Profile, Policy)",Registry,,HKLM:\SOFTWARE\Policies\Microsoft\WindowsFirewall\PublicProfile,DefaultInboundAction,HKLM:\SYSTEM\CurrentControlSet\Services\SharedAccess\Parameters\FirewallPolicy\Mdm\PublicProfile,,DefaultInboundAction,,,,1,,1,,=,,Medium,
368,"Windows Firewall","EnableFirewall (Public Profile, Policy)",Registry,,HKLM:\SOFTWARE\Policies\Microsoft\WindowsFirewall\PublicProfile,EnableFirewall,HKLM:\SYSTEM\CurrentControlSet\Services\SharedAccess\Parameters\FirewallPolicy\Mdm\PublicProfile,,EnableFirewall,,,,0,,1,,=,,Medium,
369,"Windows Firewall","Apply local firewall rules (Public Profile, Policy)",Registry,,HKLM:\SOFTWARE\Policies\Microsoft\WindowsFirewall\PublicProfile,AllowLocalPolicyMerge,HKLM:\SYSTEM\CurrentControlSet\Services\SharedAccess\Parameters\FirewallPolicy\Mdm\PublicProfile,,AllowLocalPolicyMerge,,,,0,,0,,=,,Low,
370,"Windows Firewall","Apply local connection security rules (Public Profile, Policy)",Registry,,HKLM:\SOFTWARE\Policies\Microsoft\WindowsFirewall\PublicProfile,AllowLocalIPsecPolicyMerge,HKLM:\SYSTEM\CurrentControlSet\Services\SharedAccess\Parameters\FirewallPolicy\Mdm\PublicProfile,,AllowLocalIpsecPolicyMerge,,,,0,,0,,=,,Low,
20,"Administrative Templates: Network","DNS Client: Turn off multicast name resolution (LLMNR)",Registry,,"HKLM:\Software\Policies\Microsoft\Windows NT\DNSClient",EnableMulticast,HKLM:\SOFTWARE\Microsoft\PolicyManager\Providers\{GUID}\default\Device\DNSClient,HKLM:\SOFTWARE\Microsoft\PolicyManager\current\device\DNSClient,Turn_Off_Multicast,,,,1,,0,,=,,Medium,
22,"Administrative Templates: Network","Lanman Workstation: Enable insecure guest logons",Registry,,HKLM:\Software\Policies\Microsoft\Windows\LanmanWorkstation,AllowInsecureGuestAuth,HKLM:\SOFTWARE\Microsoft\PolicyManager\Providers\{GUID}\default\Device\LanmanWorkstation,HKLM:\SOFTWARE\Microsoft\PolicyManager\current\device\LanmanWorkstation,EnableInsecureGuestLogons,,,,1,,0,,=,,Medium,
33,"Administrative Templates: Network","Windows Connection Manager: Minimize the number of simultaneous connections to the Internet or a Windows Domain",Registry,,HKLM:\SOFTWARE\Policies\Microsoft\Windows\WcmSvc\GroupPolicy,fMinimizeConnections,,,,,,,1,,1,,=,,Medium,
34,"Administrative Templates: Network","Windows Connection Manager: Prohibit connection to non-domain networks when connected to domain authenticated network",Registry,,HKLM:\Software\Policies\Microsoft\Windows\WcmSvc\GroupPolicy,fBlockNonDomain,HKLM:\SOFTWARE\Microsoft\PolicyManager\Providers\{GUID}\default\Device\WindowsConnectionManager,HKLM:\SOFTWARE\Microsoft\PolicyManager\current\device\WindowsConnectionManager,ProhitConnectionToNonDomainNetworksWhenConnectedToDomainAuthenticatedNetwork,,,,0,,1,,=,,Medium,
35,"Administrative Templates: Network","WLAN Settings: Allow Windows to automatically connect to suggested open hotspots, to networks shared by contacts, and to hotspots offering paid services",Registry,,HKLM:\Software\Microsoft\wcmsvc\wifinetworkmanager\config,AutoConnectAllowedOEM,HKLM:\SOFTWARE\Microsoft\PolicyManager\Providers\{GUID}\default\Device\Wifi,HKLM:\SOFTWARE\Microsoft\PolicyManager\current\device\Wifi,AllowAutoConnectToWiFiSenseHotspots,,,,1,,0,,=,,Medium,
39,"Administrative Templates: System","Logon: Turn off picture password sign-in",Registry,,HKLM:\SOFTWARE\Policies\Microsoft\Windows\System,BlockDomainPicturePassword,HKLM:\SOFTWARE\Microsoft\PolicyManager\Providers\{GUID}\default\Device\CredentialProviders,HKLM:\SOFTWARE\Microsoft\PolicyManager\current\device\CredentialProviders,BlockPicturePassword,,,,0,,1,,=,,Medium,
40,"Administrative Templates: System","Logon: Turn off app notifications on the lock screen",Registry,,HKLM:\Software\Policies\Microsoft\Windows\System,DisableLockScreenAppNotifications,HKLM:\SOFTWARE\Microsoft\PolicyManager\Providers\{GUID}\default\Device\WindowsLogon,HKLM:\SOFTWARE\Microsoft\PolicyManager\current\device\WindowsLogon,DisableLockScreenAppNotifications,,,,0,,1,,=,,Medium,
41,"Administrative Templates: System","Logon: Block user from showing account details on sign-in",Registry,,HKLM:\SOFTWARE\Policies\Microsoft\Windows\System,BlockUserFromShowingAccountDetailsOnSignin,HKLM:\SOFTWARE\Microsoft\PolicyManager\Providers\{GUID}\default\Device\ADMX_Logon,HKLM:\SOFTWARE\Microsoft\PolicyManager\current\device\ADMX_Logon,BlockUserFromShowingAccountDetailsOnSignin,,,,0,,1,,=,,Medium,
44,"Administrative Templates: System","Logon: Do not display network selection UI",Registry,,HKLM:\Software\Policies\Microsoft\Windows\System,DontDisplayNetworkSelectionUI,HKLM:\SOFTWARE\Microsoft\PolicyManager\Providers\{GUID}\default\Device\WindowsLogon,HKLM:\SOFTWARE\Microsoft\PolicyManager\current\device\WindowsLogon,DontDisplayNetworkSelectionUI,,,,0,,1,,=,,Medium,
46,"Administrative Templates: System","Early Launch Antimalware: Boot-Start Driver Initialization Policy",Registry,,HKLM:\System\CurrentControlSet\Policies\EarlyLaunch,DriverLoadPolicy,HKLM:\SOFTWARE\Microsoft\PolicyManager\Providers\{GUID}\default\Device\System,HKLM:\SOFTWARE\Microsoft\PolicyManager\current\device\System,BootStartDriverInitialization,,,,0,,3,,=,,Medium,
50,"Administrative Templates: System","Credentials Delegation: Encryption Oracle Remediation",Registry,,HKLM:\SOFTWARE\Microsoft\Windows\CurrentVersion\Policies\System\CredSSP\Parameters,AllowEncryptionOracle,HKLM:\SOFTWARE\Microsoft\PolicyManager\Providers\{GUID}\default\Device\ADMX_CredSsp,HKLM:\SOFTWARE\Microsoft\PolicyManager\current\device\ADMX_CredSsp,AllowEncryptionOracle,,,,0,,0,,=,,Medium,
52,"Administrative Templates: System","Sleep Settings: Require a password when a computer wakes (on battery)",Registry,,HKLM:\Software\Policies\Microsoft\Power\PowerSettings\0e796bdb-100d-47d6-a2d5-f7d2daa51f51,DCSettingIndex,HKLM:\SOFTWARE\Microsoft\PolicyManager\Providers\{GUID}\default\Device\Power,HKLM:\SOFTWARE\Microsoft\PolicyManager\current\device\Power,RequirePasswordWhenComputerWakesOnBattery,,,,0,,1,,=,,Medium,
53,"Administrative Templates: System","Sleep Settings: Require a password when a computer wakes (plugged in)",Registry,,HKLM:\Software\Policies\Microsoft\Power\PowerSettings\0e796bdb-100d-47d6-a2d5-f7d2daa51f51,ACSettingIndex,HKLM:\SOFTWARE\Microsoft\PolicyManager\Providers\{GUID}\default\Device\Power,HKLM:\SOFTWARE\Microsoft\PolicyManager\current\device\Power,RequirePasswordWhenComputerWakesPluggedIn,,,,0,,1,,=,,Medium,
54,"Administrative Templates: System","Sleep Settings: Allow network connectivity during connected-standby (on battery)",Registry,,HKLM:\SOFTWARE\Policies\Microsoft\Power\PowerSettings\f15576e8-98b7-4186-b944-eafa664402d9,DCSettingIndex,HKLM:\SOFTWARE\Microsoft\PolicyManager\Providers\{GUID}\default\Device\ADMX_Power,HKLM:\SOFTWARE\Microsoft\PolicyManager\current\device\ADMX_Power,DCConnectivityInStandby_2,,,,1,,0,,=,,Medium,
55,"Administrative Templates: System","Sleep Settings: Allow network connectivity during connected-standby (plugged in)",Registry,,HKLM:\SOFTWARE\Policies\Microsoft\Power\PowerSettings\f15576e8-98b7-4186-b944-eafa664402d9,ACSettingIndex,HKLM:\SOFTWARE\Microsoft\PolicyManager\Providers\{GUID}\default\Device\ADMX_Power,HKLM:\SOFTWARE\Microsoft\PolicyManager\current\device\ADMX_Power,ACConnectivityInStandby_2,,,,1,,0,,=,,Medium,
56,"Administrative Templates: System","Sleep Settings: Allow standby states (S1-S3) when sleeping (on battery)",Registry,,HKLM:\Software\Policies\Microsoft\Power\PowerSettings\abfc2519-3608-4c2a-94ea-171b0ed546ab,DCSettingIndex,HKLM:\SOFTWARE\Microsoft\PolicyManager\Providers\{GUID}\default\Device\Power,HKLM:\SOFTWARE\Microsoft\PolicyManager\current\device\Power,AllowStandbyStatesWhenSleepingOnBattery,,,,1,,0,,=,,Medium,
57,"Administrative Templates: System","Sleep Settings: Allow standby states (S1-S3) when sleeping (plugged in)",Registry,,HKLM:\Software\Policies\Microsoft\Power\PowerSettings\abfc2519-3608-4c2a-94ea-171b0ed546ab,ACSettingIndex,HKLM:\SOFTWARE\Microsoft\PolicyManager\Providers\{GUID}\default\Device\Power,HKLM:\SOFTWARE\Microsoft\PolicyManager\current\device\Power,AllowStandbyWhenSleepingPluggedIn,,,,1,,0,,=,,Medium,
59,"Administrative Templates: System","Device Installation: Device Installation Restrictions: Prevent installation of devices that match an ID",Registry,,HKLM:\Software\Policies\Microsoft\Windows\DeviceInstall\Restrictions,DenyDeviceIDs,HKLM:\SOFTWARE\Microsoft\PolicyManager\Providers\{GUID}\default\Device\DeviceInstallation,HKLM:\SOFTWARE\Microsoft\PolicyManager\current\device\DeviceInstallation,PreventInstallationOfMatchingDeviceIDs,,,,0,,1,,=,,Medium,
59,"Administrative Templates: System","Device Installation: Device Installation Restrictions: Prevent installation of devices that match ID PCI\CC_0C0A (Thunderbolt)",RegistryList,,HKLM:\SOFTWARE\Policies\Microsoft\Windows\DeviceInstall\Restrictions\DenyDeviceIDs,PCI\CC_0C0A,HKLM:\SOFTWARE\Microsoft\PolicyManager\Providers\{GUID}\default\Device\DeviceInstallation,HKLM:\SOFTWARE\Microsoft\PolicyManager\current\device\DeviceInstallation,PreventInstallationOfMatchingDeviceIDs,,,,0,,PCI\CC_0C0A,,=,,Medium,
59,"Administrative Templates: System","Device Installation: Device Installation Restrictions: Prevent installation of devices that match an ID (Retroactive)",Registry,,HKLM:\Software\Policies\Microsoft\Windows\DeviceInstall\Restrictions,DenyDeviceIDsRetroactive,HKLM:\SOFTWARE\Microsoft\PolicyManager\Providers\{GUID}\default\Device\DeviceInstallation,HKLM:\SOFTWARE\Microsoft\PolicyManager\current\device\DeviceInstallation,PreventInstallationOfMatchingDeviceIDs,,,,0,,1,,=,,Medium,
60,"Administrative Templates: System","Device Installation: Device Installation Restrictions: Prevent installation of devices using drivers that match an device setup class",Registry,,HKLM:\Software\Policies\Microsoft\Windows\DeviceInstall\Restrictions,DenyDeviceClasses,HKLM:\SOFTWARE\Microsoft\PolicyManager\Providers\{GUID}\default\Device\DeviceInstallation,HKLM:\SOFTWARE\Microsoft\PolicyManager\current\device\DeviceInstallation,PreventInstallationOfMatchingDeviceSetupClasses,,,,0,,1,,=,,Medium,
60,"Administrative Templates: System","Device Installation: Device Installation Restrictions: Prevent installation of devices using drivers that match d48179be-ec20-11d1-b6b8-00c04fa372a7 (SBP-2 drive)",RegistryList,,HKLM:\SOFTWARE\Policies\Microsoft\Windows\DeviceInstall\Restrictions\DenyDeviceClasses,d48179be-ec20-11d1-b6b8-00c04fa372a7,HKLM:\SOFTWARE\Microsoft\PolicyManager\Providers\{GUID}\default\Device\DeviceInstallation,HKLM:\SOFTWARE\Microsoft\PolicyManager\current\device\DeviceInstallation,PreventInstallationOfMatchingDeviceSetupClasses,,,,0,,d48179be-ec20-11d1-b6b8-00c04fa372a7,,=,,Medium,
60,"Administrative Templates: System","Device Installation: Device Installation Restrictions: Prevent installation of devices using drivers that match 7ebefbc0-3200-11d2-b4c2-00a0C9697d07 (SBP-2 drive)",RegistryList,,HKLM:\SOFTWARE\Policies\Microsoft\Windows\DeviceInstall\Restrictions\DenyDeviceClasses,7ebefbc0-3200-11d2-b4c2-00a0C9697d07,HKLM:\SOFTWARE\Microsoft\PolicyManager\Providers\{GUID}\default\Device\DeviceInstallation,HKLM:\SOFTWARE\Microsoft\PolicyManager\current\device\DeviceInstallation,PreventInstallationOfMatchingDeviceSetupClasses,,,,0,,7ebefbc0-3200-11d2-b4c2-00a0C9697d07,,=,,Medium,
60,"Administrative Templates: System","Device Installation: Device Installation Restrictions: Prevent installation of devices using drivers that match c06ff265-ae09-48f0-812c-16753d7cba83 (SBP-2 drive)",RegistryList,,HKLM:\SOFTWARE\Policies\Microsoft\Windows\DeviceInstall\Restrictions\DenyDeviceClasses,c06ff265-ae09-48f0-812c-16753d7cba83,HKLM:\SOFTWARE\Microsoft\PolicyManager\Providers\{GUID}\default\Device\DeviceInstallation,HKLM:\SOFTWARE\Microsoft\PolicyManager\current\device\DeviceInstallation,PreventInstallationOfMatchingDeviceSetupClasses,,,,0,,c06ff265-ae09-48f0-812c-16753d7cba83,,=,,Medium,
60,"Administrative Templates: System","Device Installation: Device Installation Restrictions: Prevent installation of devices using drivers that match 6bdd1fc1-810f-11d0-bec7-08002be2092f (SBP-2 drive)",RegistryList,,HKLM:\SOFTWARE\Policies\Microsoft\Windows\DeviceInstall\Restrictions\DenyDeviceClasses,6bdd1fc1-810f-11d0-bec7-08002be2092f,HKLM:\SOFTWARE\Microsoft\PolicyManager\Providers\{GUID}\default\Device\DeviceInstallation,HKLM:\SOFTWARE\Microsoft\PolicyManager\current\device\DeviceInstallation,PreventInstallationOfMatchingDeviceSetupClasses,,,,0,,6bdd1fc1-810f-11d0-bec7-08002be2092f,,=,,Medium,
60,"Administrative Templates: System","Device Installation: Device Installation Restrictions: Prevent installation of devices using drivers that match an device setup class (Retroactive)",Registry,,HKLM:\Software\Policies\Microsoft\Windows\DeviceInstall\Restrictions,DenyDeviceClassesRetroactive,HKLM:\SOFTWARE\Microsoft\PolicyManager\Providers\{GUID}\default\Device\DeviceInstallation,HKLM:\SOFTWARE\Microsoft\PolicyManager\current\device\DeviceInstallation,PreventInstallationOfMatchingDeviceSetupClasses,,,,0,,1,,=,,Medium,
61,"Administrative Templates: System","Group Policy: Continue experiences on this device",Registry,,HKLM:\SOFTWARE\Policies\Microsoft\Windows\System,EnableCdp,HKLM:\SOFTWARE\Microsoft\PolicyManager\Providers\{GUID}\default\Device\ADMX_GroupPolicy,HKLM:\SOFTWARE\Microsoft\PolicyManager\current\device\ADMX_GroupPolicy,EnableCDP,,,,1,,0,,=,,Medium,
68,"Administrative Templates: System","Internet Communication Management: Internet Communication settings: Turn off downloading of print drivers over HTTP",Registry,,"HKLM:\Software\Policies\Microsoft\Windows NT\Printers",DisableWebPnPDownload,HKLM:\SOFTWARE\Microsoft\PolicyManager\Providers\{GUID}\default\Device\Connectivity,HKLM:\SOFTWARE\Microsoft\PolicyManager\current\device\Connectivity,DisableDownloadingOfPrintDriversOverHTTP,,,,0,,1,,=,,Medium,
74,"Administrative Templates: System","Internet Communication Management: Internet Communication settings: Turn off Internet download for Web publishing and online ordering wizards",Registry,,HKLM:\Software\Microsoft\Windows\CurrentVersion\Policies\Explorer,NoWebServices,HKLM:\SOFTWARE\Microsoft\PolicyManager\Providers\{GUID}\default\Device\Connectivity,HKLM:\SOFTWARE\Microsoft\PolicyManager\current\device\Connectivity,DisableInternetDownloadForWebPublishingAndOnlineOrderingWizards,,,,0,,1,,=,,Medium,
81,"Administrative Templates: System","Kernel DMA Protection: Enumeration policy for external devices incompatible with Kernel DMA Protection",Registry,,"HKLM:\SOFTWARE\Policies\Microsoft\Windows\Kernel DMA Protection",DeviceEnumerationPolicy,HKLM:\SOFTWARE\Microsoft\PolicyManager\Providers\{GUID}\default\Device\DmaGuard,HKLM:\SOFTWARE\Microsoft\PolicyManager\current\device\DmaGuard,DeviceEnumerationPolicy,,,,2,,0,,=,,Medium,
84,"Administrative Templates: System","Remote Procedure Call: Restrict Unauthenticated RPC clients",Registry,,"HKLM:\Software\Policies\Microsoft\Windows NT\Rpc",RestrictRemoteClients,HKLM:\SOFTWARE\Microsoft\PolicyManager\Providers\{GUID}\default\Device\RemoteProcedureCall,HKLM:\SOFTWARE\Microsoft\PolicyManager\current\device\RemoteProcedureCall,RestrictUnauthenticatedRPCClients,,,,0,,1,,=,,Medium,
85,"Administrative Templates: System","Remote Procedure Call: Enable RPC Endpoint Mapper Client Authentication",Registry,,"HKLM:\Software\Policies\Microsoft\Windows NT\Rpc",EnableAuthEpResolution,HKLM:\SOFTWARE\Microsoft\PolicyManager\Providers\{GUID}\default\Device\RemoteProcedureCall,HKLM:\SOFTWARE\Microsoft\PolicyManager\current\device\RemoteProcedureCall,RPCEndpointMapperClientAuthentication,,,,0,,1,,=,,Medium,
86,"Administrative Templates: System","Remote Assistance: Configure Solicited Remote Assistance",Registry,,"HKLM:\Software\policies\Microsoft\Windows NT\Terminal Services",fAllowToGetHelp,HKLM:\SOFTWARE\Microsoft\PolicyManager\Providers\{GUID}\default\Device\RemoteAssistance,HKLM:\SOFTWARE\Microsoft\PolicyManager\current\device\RemoteAssistance,SolicitedRemoteAssistance,,,,1,,0,,=,,Medium,
87,"Administrative Templates: System","Remote Assistance: Configure Offer Remote Assistance",Registry,,"HKLM:\Software\policies\Microsoft\Windows NT\Terminal Services",fAllowUnsolicited,HKLM:\SOFTWARE\Microsoft\PolicyManager\Providers\{GUID}\default\Device\RemoteAssistance,HKLM:\SOFTWARE\Microsoft\PolicyManager\current\device\RemoteAssistance,UnsolicitedRemoteAssistance,,,,1,,0,,=,,Medium,
89,"Administrative Templates: System","Trusted Platform Module Services: Standard User Lockout Duration",Registry,,HKLM:\SOFTWARE\Policies\Microsoft\TPM,StandardUserAuthorizationFailureDuration,,,,,,,,,30,,=,,Medium,
90,"Administrative Templates: System","Trusted Platform Module Services: Standard User Total Lockout Threshold",Registry,,HKLM:\SOFTWARE\Policies\Microsoft\TPM,StandardUserAuthorizationFailureTotalThreshold,,,,,,,,,5,,=,,Medium,
88,"Administrative Templates: System","Trusted Platform Module Services: Ignore the default list of blocked TPM commands",Registry,,HKLM:\SOFTWARE\Policies\Microsoft\TPM\BlockedCommands,IgnoreDefaultList,,,,,,,,,0,,=,,Medium,
94,"Administrative Templates: Control Panel","Personalization: Prevent enabling lock screen slide show",Registry,,HKLM:\Software\Policies\Microsoft\Windows\Personalization,NoLockScreenSlideshow,HKLM:\SOFTWARE\Microsoft\PolicyManager\Providers\{GUID}\default\Device\DeviceLock,HKLM:\SOFTWARE\Microsoft\PolicyManager\current\device\DeviceLock,PreventLockScreenSlideShow,,,,0,,1,,=,,Low,
95,"Administrative Templates: Control Panel","Personalization: Prevent enabling lock screen camera",Registry,,HKLM:\Software\Policies\Microsoft\Windows\Personalization,NoLockScreenCamera,HKLM:\SOFTWARE\Microsoft\PolicyManager\Providers\{GUID}\default\Device\DeviceLock,HKLM:\SOFTWARE\Microsoft\PolicyManager\current\device\DeviceLock,PreventLockScreenCamera,,,,0,,1,,=,,Low,
100,"Administrative Templates: Control Panel","Regional and Language Options: Handwriting personalization: Turn off automatic learning (RestrictImplicitInkCollection)",Registry,,HKLM:\SOFTWARE\Policies\Microsoft\InputPersonalization,RestrictImplicitInkCollection,,,,,,,,,1,,=,,Medium,
100,"Administrative Templates: Control Panel","Regional and Language Options: Handwriting personalization: Turn off automatic learning (RestrictImplicitTextCollection)",Registry,,HKLM:\SOFTWARE\Policies\Microsoft\InputPersonalization,RestrictImplicitTextCollection,,,,,,,,,1,,=,,Medium,
101,"Administrative Templates: Control Panel","Regional and Language Options: Allow users to enable online speech recognition services",Registry,,HKLM:\SOFTWARE\Policies\Microsoft\InputPersonalization,AllowInputPersonalization,HKLM:\SOFTWARE\Microsoft\PolicyManager\Providers\{GUID}\default\Device\Privacy,HKLM:\SOFTWARE\Microsoft\PolicyManager\current\device\Privacy,AllowInputPersonalization,,,,1,,0,,=,,Medium,
106,"Administrative Templates: Windows Components","Credential User Interface: Enumerate administrator accounts on elevation",Registry,,HKLM:\SOFTWARE\Microsoft\Windows\CurrentVersion\Policies\CredUI,EnumerateAdministrators,HKLM:\SOFTWARE\Microsoft\PolicyManager\Providers\{GUID}\default\Device\CredentialsUI,HKLM:\SOFTWARE\Microsoft\PolicyManager\current\device\CredentialsUI,EnumerateAdministrators,,,,1,,0,,=,,Medium,
107,"Administrative Templates: Windows Components","Credential User Interface: Do not display the password reveal button",Registry,,HKLM:\Software\Policies\Microsoft\Windows\CredUI,DisablePasswordReveal,HKLM:\SOFTWARE\Microsoft\PolicyManager\Providers\{GUID}\default\Device\CredentialsUI,HKLM:\SOFTWARE\Microsoft\PolicyManager\current\device\CredentialsUI,DisablePasswordReveal,,,,0,,1,,=,,Medium,
109,"Administrative Templates: Windows Components","Biometrics: Facial Features: Configure enhanced anti-spoofing",Registry,,HKLM:\SOFTWARE\Policies\Microsoft\Biometrics\FacialFeatures,EnhancedAntiSpoofing,,,,,,,,,1,,=,,Medium,
113,"Administrative Templates: Windows Components","Cloud Content: Turn off Microsoft consumer experiences",Registry,,HKLM:\Software\Policies\Microsoft\Windows\CloudContent,DisableWindowsConsumerFeatures,HKLM:\SOFTWARE\Microsoft\PolicyManager\Providers\{GUID}\default\Device\Experience,HKLM:\SOFTWARE\Microsoft\PolicyManager\current\device\Experience,AllowWindowsConsumerFeatures,,,,0,,1,,=,,Medium,
115,"Administrative Templates: Windows Components","File Explorer: Turn off Data Execution Prevention for Explorer",Registry,,HKLM:\SOFTWARE\Policies\Microsoft\Windows\Explorer,NoDataExecutionPrevention,HKLM:\SOFTWARE\Microsoft\PolicyManager\Providers\{GUID}\default\Device\FileExplorer,HKLM:\SOFTWARE\Microsoft\PolicyManager\current\device\FileExplorer,TurnOffDataExecutionPreventionForExplorer,,,,0,,0,,=,,Medium,
116,"Administrative Templates: Windows Components","File Explorer: Turn off shell protocol protected mode",Registry,,HKLM:\SOFTWARE\Microsoft\Windows\CurrentVersion\Policies\Explorer,PreXPSP2ShellProtocolBehavior,HKLM:\SOFTWARE\Microsoft\PolicyManager\Providers\{GUID}\default\Device\ADMX_WindowsExplorer,HKLM:\SOFTWARE\Microsoft\PolicyManager\current\device\ADMX_WindowsExplorer,PreXPSP2ShellProtocolBehavior,,,,0,,0,,=,,Medium,
117,"Administrative Templates: Windows Components","File Explorer: Turn off heap termination on corruption",Registry,,HKLM:\SOFTWARE\Policies\Microsoft\Windows\Explorer,NoHeapTerminationOnCorruption,HKLM:\SOFTWARE\Microsoft\PolicyManager\Providers\{GUID}\default\Device\FileExplorer,HKLM:\SOFTWARE\Microsoft\PolicyManager\current\device\FileExplorer,TurnOffHeapTerminationOnCorruption,,,,0,,0,,=,,Medium,
118,"Administrative Templates: Windows Components","Data Collection and Preview Builds: Toggle user control over Insider builds",Registry,,HKLM:\SOFTWARE\Policies\Microsoft\Windows\PreviewBuilds,AllowBuildPreview,HKLM:\SOFTWARE\Microsoft\PolicyManager\Providers\{GUID}\default\Device\System,HKLM:\SOFTWARE\Microsoft\PolicyManager\current\device\System,AllowBuildPreview,,,,1,,0,,=,,Medium,
119,"Administrative Templates: Windows Components","Data Collection and Preview Builds: Do not show feedback notifications",Registry,,HKLM:\Software\Policies\Microsoft\Windows\DataCollection,DoNotShowFeedbackNotifications,HKLM:\SOFTWARE\Microsoft\PolicyManager\Providers\{GUID}\default\Device\Experience,HKLM:\SOFTWARE\Microsoft\PolicyManager\current\device\Experience,DoNotShowFeedbackNotifications,,,,0,,1,,=,,Medium,
120,"Administrative Templates: Windows Components","Data Collection and Preview Builds: Allow Diagnostic Data",Registry,,HKLM:\Software\Policies\Microsoft\Windows\DataCollection,AllowTelemetry,HKLM:\SOFTWARE\Microsoft\PolicyManager\Providers\{GUID}\default\Device\System,HKLM:\SOFTWARE\Microsoft\PolicyManager\current\device\System,AllowTelemetry,,,,2,,1,,<=,,Medium,
121,"Administrative Templates: Windows Components","Data Collection and Preview Builds: Allow device name to be sent in Windows diagnostic data",Registry,,HKLM:\Software\Policies\Microsoft\Windows\DataCollection,AllowDeviceNameInTelemetry,,,,,,,1,,0,,=,,Medium,
124,"Administrative Templates: Windows Components","Microsoft account: Block all consumer Microsoft account user authentication",Registry,,HKLM:\SOFTWARE\Policies\Microsoft\MicrosoftAccount,DisableUserAuth,HKLM:\SOFTWARE\Microsoft\PolicyManager\Providers\{GUID}\default\Device\ADMX_MSAPolicy,HKLM:\SOFTWARE\Microsoft\PolicyManager\current\device\ADMX_MSAPolicy,MicrosoftAccount_DisableUserAuth,,,,,,1,,=,,Medium,
127,"Administrative Templates: Windows Components","OneDrive: Prevent the usage of OneDrive for file storage",Registry,,HKLM:\Software\Policies\Microsoft\Windows\OneDrive,DisableFileSyncNGSC,HKLM:\SOFTWARE\Microsoft\PolicyManager\Providers\{GUID}\default\Device\System,HKLM:\SOFTWARE\Microsoft\PolicyManager\current\device\System,DisableOneDriveFileSync,,,,0,,1,,=,,Medium,
131,"Administrative Templates: Windows Components","Remote Desktop Session Host: Device and Resource Redirection: Do not allow drive redirection",Registry,,"HKLM:\SOFTWARE\Policies\Microsoft\Windows NT\Terminal Services",fDisableCdm,HKLM:\SOFTWARE\Microsoft\PolicyManager\Providers\{GUID}\default\Device\RemoteDesktopServices,HKLM:\SOFTWARE\Microsoft\PolicyManager\current\device\RemoteDesktopServices,DoNotAllowDriveRedirection,,,,0,,1,,=,,Medium,
134,"Administrative Templates: Windows Components","Remote Desktop Session Host: Security: Always prompt for password upon connection",Registry,,"HKLM:\SOFTWARE\Policies\Microsoft\Windows NT\Terminal Services",fPromptForPassword,HKLM:\SOFTWARE\Microsoft\PolicyManager\Providers\{GUID}\default\Device\RemoteDesktopServices,HKLM:\SOFTWARE\Microsoft\PolicyManager\current\device\RemoteDesktopServices,PromptForPasswordUponConnection,,,,0,,1,,=,,Medium,
135,"Administrative Templates: Windows Components","Remote Desktop Session Host: Security: Require user authentication for remote connections by using Network Level Authentication",Registry,,"HKLM:\SOFTWARE\Policies\Microsoft\Windows NT\Terminal Services",UserAuthentication,,,,,,,0,,1,,=,,Medium,
136,"Administrative Templates: Windows Components","Remote Desktop Session Host: Security: Require secure RPC communication",Registry,,"HKLM:\SOFTWARE\Policies\Microsoft\Windows NT\Terminal Services",fEncryptRPCTraffic,HKLM:\SOFTWARE\Microsoft\PolicyManager\Providers\{GUID}\default\Device\RemoteDesktopServices,HKLM:\SOFTWARE\Microsoft\PolicyManager\current\device\RemoteDesktopServices,RequireSecureRPCCommunication,,,,0,,1,,=,,Medium,
137,"Administrative Templates: Windows Components","Remote Desktop Session Host: Security: Set client connection encryption level",Registry,,"HKLM:\SOFTWARE\Policies\Microsoft\Windows NT\Terminal Services",MinEncryptionLevel,HKLM:\SOFTWARE\Microsoft\PolicyManager\Providers\{GUID}\default\Device\RemoteDesktopServices,HKLM:\SOFTWARE\Microsoft\PolicyManager\current\device\RemoteDesktopServices,ClientConnectionEncryptionLevel,,,,0,,3,,=,,Medium,
138,"Administrative Templates: Windows Components","Remote Desktop Session Host: Security: Require use of specific security layer for remote (RDP) connections",Registry,,"HKLM:\SOFTWARE\Policies\Microsoft\Windows NT\Terminal Services",SecurityLayer,,,,,,,0,,2,,=,,Medium,
139,"Administrative Templates: Windows Components","Remote Desktop Session Host: Session Time Limits: End session when time limits are reached",Registry,,"HKLM:\SOFTWARE\Policies\Microsoft\Windows NT\Terminal Services",fResetBroken,,,,,,,,,1,,=,,Medium,
142,"Administrative Templates: Windows Components","Remote Desktop Session Host: Temporary folders: Do not use temporary folders per session",Registry,,"HKLM:\SOFTWARE\Policies\Microsoft\Windows NT\Terminal Services",PerSessionTempDir,,,,,,,1,,1,,=,,Medium,
143,"Administrative Templates: Windows Components","Remote Desktop Session Host: Temporary folders: Do not delete temp folders upon exit",Registry,,"HKLM:\SOFTWARE\Policies\Microsoft\Windows NT\Terminal Services",DeleteTempDirsOnExit,,,,,,,1,,1,,=,,Medium,
145,"Administrative Templates: Windows Components","Remote Desktop Connection Client: Do not allow passwords to be saved",Registry,,"HKLM:\SOFTWARE\Policies\Microsoft\Windows NT\Terminal Services",DisablePasswordSaving,HKLM:\SOFTWARE\Microsoft\PolicyManager\Providers\{GUID}\default\Device\RemoteDesktopServices,HKLM:\SOFTWARE\Microsoft\PolicyManager\current\device\RemoteDesktopServices,DoNotAllowPasswordSaving,,,,0,,1,,=,,Medium,
146,"Administrative Templates: Windows Components","AutoPlay Policies: Disallow Autoplay for non-volume devices",Registry,,HKLM:\Software\Policies\Microsoft\Windows\Explorer,NoAutoplayfornonVolume,HKLM:\SOFTWARE\Microsoft\PolicyManager\Providers\{GUID}\default\Device\Autoplay,HKLM:\SOFTWARE\Microsoft\PolicyManager\current\device\Autoplay,DisallowAutoplayForNonVolumeDevices,,,,0,,1,,=,,Medium,
147,"Administrative Templates: Windows Components","AutoPlay Policies: Turn off Autoplay",Registry,,HKLM:\Software\Microsoft\Windows\CurrentVersion\Policies\Explorer,NoDriveTypeAutoRun,HKLM:\SOFTWARE\Microsoft\PolicyManager\Providers\{GUID}\default\Device\Autoplay,HKLM:\SOFTWARE\Microsoft\PolicyManager\current\device\Autoplay,TurnOffAutoPlay,,,,0,,255,,=,,Medium,
148,"Administrative Templates: Windows Components","AutoPlay Policies: Set the default behavior for AutoRun",Registry,,HKLM:\Software\Microsoft\Windows\CurrentVersion\Policies\Explorer,NoAutorun,HKLM:\SOFTWARE\Microsoft\PolicyManager\Providers\{GUID}\default\Device\Autoplay,HKLM:\SOFTWARE\Microsoft\PolicyManager\current\device\Autoplay,SetDefaultAutoRunBehavior,,,,0,,1,,=,,Medium,
149,"Administrative Templates: Windows Components","RSS Feeds: Prevent downloading of enclosures",Registry,,"HKLM:\Software\Policies\Microsoft\Internet Explorer\Feeds",DisableEnclosureDownload,HKLM:\SOFTWARE\Microsoft\PolicyManager\Providers\{GUID}\default\Device\InternetExplorer,HKLM:\SOFTWARE\Microsoft\PolicyManager\current\device\InternetExplorer,DisableEnclosureDownloading,,,,0,,1,,=,,Medium,
152,"Administrative Templates: Windows Components","Store: Turn off Automatic Download and Install of updates",Registry,,HKLM:\SOFTWARE\Policies\Microsoft\WindowsStore,AutoDownload,HKLM:\SOFTWARE\Microsoft\PolicyManager\Providers\{GUID}\default\Device\ApplicationManagement,HKLM:\SOFTWARE\Microsoft\PolicyManager\current\device\ApplicationManagement,AllowAppStoreAutoUpdate,,,,,,4,,=,,Medium,
153,"Administrative Templates: Windows Components","Store: Turn off the offer to update to the latest version of Windows",Registry,,HKLM:\SOFTWARE\Policies\Microsoft\WindowsStore,DisableOSUpgrade,HKLM:\SOFTWARE\Microsoft\PolicyManager\Providers\{GUID}\default\Device\ADMX_WindowsStore,HKLM:\SOFTWARE\Microsoft\PolicyManager\current\device\ADMX_WindowsStore,DisableOSUpgrade_1,,,,,,1,,=,,Medium,
157,"Administrative Templates: Windows Components","Search: Allow search and Cortana to use location",Registry,,"HKLM:\SOFTWARE\Policies\Microsoft\Windows\Windows Search",AllowSearchToUseLocation,HKLM:\SOFTWARE\Microsoft\PolicyManager\Providers\{GUID}\default\Device\Search,HKLM:\SOFTWARE\Microsoft\PolicyManager\current\device\Search,AllowSearchToUseLocation,,,,1,,0,,=,,Medium,
158,"Administrative Templates: Windows Components","Search: Allow indexing of encrypted files",Registry,,"HKLM:\SOFTWARE\Policies\Microsoft\Windows\Windows Search",AllowIndexingEncryptedStoresOrItems,HKLM:\SOFTWARE\Microsoft\PolicyManager\Providers\{GUID}\default\Device\Search,HKLM:\SOFTWARE\Microsoft\PolicyManager\current\device\Search,AllowIndexingEncryptedStoresOrItems,,,,1,,0,,=,,Medium,
159,"Administrative Templates: Windows Components","Text Input: Improve inking and typing recognition",Registry,,HKLM:\SOFTWARE\Microsoft\Windows\CurrentVersion\Policies\TextInput,AllowLinguisticDataCollection,,,,,,,,,0,,=,,Medium,
160,"Administrative Templates: Windows Components","Delivery Optimization: Download Mode",Registry,,HKLM:\SOFTWARE\Policies\Microsoft\Windows\DeliveryOptimization,DODownloadMode,HKLM:\SOFTWARE\Microsoft\PolicyManager\Providers\{GUID}\default\Device\DeliveryOptimization,HKLM:\SOFTWARE\Microsoft\PolicyManager\current\device\DeliveryOptimization,DODownloadMode,,,,1,,99,,=,,Medium,
161,"Administrative Templates: Windows Components","Connect: Require pin for pairing",Registry,,HKLM:\SOFTWARE\Policies\Microsoft\Windows\Connect,RequirePinForPairing,HKLM:\SOFTWARE\Microsoft\PolicyManager\Providers\{GUID}\default\Device\WirelessDisplay,HKLM:\SOFTWARE\Microsoft\PolicyManager\current\device\WirelessDisplay,RequirePinForPairing,,,,0,,1,,>=,,Medium,
162,"Microsoft Defender Antivirus","Configure detection for potentially unwanted applications",Registry,,"HKLM:\Software\Policies\Microsoft\Windows Defender",PUAProtection,HKLM:\SOFTWARE\Microsoft\PolicyManager\Providers\{GUID}\default\Device\Defender,HKLM:\SOFTWARE\Microsoft\PolicyManager\current\device\Defender,PUAProtection,,,,0,,1,,=,,Medium,
163,"Microsoft Defender Antivirus","Turn off Microsoft Defender Antivirus",Registry,,"HKLM:\Software\Policies\Microsoft\Windows Defender",DisableAntiSpyware,,,,,,,0,,0,,=,,Medium,
164,"Microsoft Defender Antivirus","Reporting: Configure Watson events",Registry,,"HKLM:\SOFTWARE\Policies\Microsoft\Windows Defender\Reporting",DisableGenericRePorts,HKLM:\SOFTWARE\Microsoft\PolicyManager\Providers\{GUID}\default\Device\ADMX_MicrosoftDefenderAntivirus,HKLM:\SOFTWARE\Microsoft\PolicyManager\current\device\ADMX_MicrosoftDefenderAntivirus,Reporting_DisablegenericrePorts,,,,0,,1,,=,,Medium,
165,"Microsoft Defender Antivirus","Real-time Protection: Turn on behavior monitoring (Policy)",Registry,,"HKLM:\SOFTWARE\Policies\Microsoft\Windows Defender\Real-Time Protection",DisableBehaviorMonitoring,HKLM:\SOFTWARE\Microsoft\PolicyManager\Providers\{GUID}\default\Device\Defender,HKLM:\SOFTWARE\Microsoft\PolicyManager\current\device\Defender,AllowBehaviorMonitoring,,,,0,,0,,=,,Medium,
167,"Microsoft Defender Antivirus","MAPS: Configure local setting override for reporting to Microsoft MAPS",Registry,,"HKLM:\SOFTWARE\Policies\Microsoft\Windows Defender\Spynet",LocalSettingOverrideSpynetReporting,HKLM:\SOFTWARE\Microsoft\PolicyManager\Providers\{GUID}\default\Device\ADMX_MicrosoftDefenderAntivirus,HKLM:\SOFTWARE\Microsoft\PolicyManager\current\device\ADMX_MicrosoftDefenderAntivirus,Spynet_LocalSettingOverrideSpynetReporting,,,,,,0,,=,,Medium,
168,"Microsoft Defender Antivirus","Scan: Turn on e-mail scanning",Registry,,"HKLM:\Software\Policies\Microsoft\Windows Defender\Scan",DisableEmailScanning,HKLM:\SOFTWARE\Microsoft\PolicyManager\Providers\{GUID}\default\Device\Defender,HKLM:\SOFTWARE\Microsoft\PolicyManager\current\device\Defender,Scan_DisableEmailScanning,,,,1,,0,,=,,Medium,
169,"Microsoft Defender Antivirus","Scan: Scan removable drives",Registry,,"HKLM:\Software\Policies\Microsoft\Windows Defender\Scan",DisableRemovableDriveScanning,HKLM:\SOFTWARE\Microsoft\PolicyManager\Providers\{GUID}\default\Device\Defender,HKLM:\SOFTWARE\Microsoft\PolicyManager\current\device\Defender,Scan_DisableRemovableDriveScanning,,,,1,,0,,=,,Medium,
170,"Microsoft Defender Exploit Guard","Network Protection: Prevent users and apps from accessing dangerous websites",Registry,,"HKLM:\SOFTWARE\Policies\Microsoft\Windows Defender\Windows Defender Exploit Guard\Network Protection",EnableNetworkProtection,HKLM:\SOFTWARE\Microsoft\PolicyManager\Providers\{GUID}\default\Device\Defender,HKLM:\SOFTWARE\Microsoft\PolicyManager\current\device\Defender,EnableNetworkProtection,,,,,,1,,=,,Medium,
171,"Microsoft Defender Exploit Guard","Attack Surface Reduction rules",Registry,,"HKLM:\Software\Policies\Microsoft\Windows Defender\Windows Defender Exploit Guard\ASR",ExploitGuard_ASR_Rules,HKLM:\SOFTWARE\Microsoft\PolicyManager\Providers\{GUID}\default\Device\Defender,HKLM:\SOFTWARE\Microsoft\PolicyManager\current\device\Defender,AttackSurfaceReductionRules,,,,0,,1,,=,,Medium,
172,"Microsoft Defender Exploit Guard","ASR: Block all Office applications from creating child processes (Policy)",Registry,,"HKLM:\Software\Policies\Microsoft\Windows Defender\Windows Defender Exploit Guard\ASR\rules",d4f940ab-401b-4efc-aadc-ad5f3c50688a,HKLM:\SOFTWARE\Microsoft\PolicyManager\Providers\{GUID}\default\Device\Defender,HKLM:\SOFTWARE\Microsoft\PolicyManager\current\device\Defender,AttackSurfaceReductionRules,,,,0,,1,,=,,Medium,
172,"Microsoft Defender Exploit Guard","ASR: Block all Office applications from creating child processes",MpPreferenceAsr,d4f940ab-401b-4efc-aadc-ad5f3c50688a,,,,,,,,,0,,1,,=,,Medium,
172,"Microsoft Defender Exploit Guard","ASR: Block Office applications from creating executable content (Policy)",Registry,,"HKLM:\Software\Policies\Microsoft\Windows Defender\Windows Defender Exploit Guard\ASR\rules",3b576869-a4ec-4529-8536-b80a7769e899,HKLM:\SOFTWARE\Microsoft\PolicyManager\Providers\{GUID}\default\Device\Defender,HKLM:\SOFTWARE\Microsoft\PolicyManager\current\device\Defender,AttackSurfaceReductionRules,,,,0,,1,,=,,Medium,
172,"Microsoft Defender Exploit Guard","ASR: Block Office applications from creating executable content",MpPreferenceAsr,3b576869-a4ec-4529-8536-b80a7769e899,,,,,,,,,0,,1,,=,,Medium,
172,"Microsoft Defender Exploit Guard","ASR: Block execution of potentially obfuscated scripts (Policy)",Registry,,"HKLM:\Software\Policies\Microsoft\Windows Defender\Windows Defender Exploit Guard\ASR\rules",5beb7efe-fd9a-4556-801d-275e5ffc04cc,HKLM:\SOFTWARE\Microsoft\PolicyManager\Providers\{GUID}\default\Device\Defender,HKLM:\SOFTWARE\Microsoft\PolicyManager\current\device\Defender,AttackSurfaceReductionRules,,,,0,,1,,=,,Medium,
172,"Microsoft Defender Exploit Guard","ASR: Block execution of potentially obfuscated scripts",MpPreferenceAsr,5beb7efe-fd9a-4556-801d-275e5ffc04cc,,,,,,,,,0,,1,,=,,Medium,
172,"Microsoft Defender Exploit Guard","ASR: Block Office applications from injecting code into other processes (Policy)",Registry,,"HKLM:\Software\Policies\Microsoft\Windows Defender\Windows Defender Exploit Guard\ASR\rules",75668c1f-73b5-4cf0-bb93-3ecf5cb7cc84,HKLM:\SOFTWARE\Microsoft\PolicyManager\Providers\{GUID}\default\Device\Defender,HKLM:\SOFTWARE\Microsoft\PolicyManager\current\device\Defender,AttackSurfaceReductionRules,,,,0,,1,,=,,Medium,
172,"Microsoft Defender Exploit Guard","ASR: Block Office applications from injecting code into other processes",MpPreferenceAsr,75668c1f-73b5-4cf0-bb93-3ecf5cb7cc84,,,,,,,,,0,,1,,=,,Medium,
172,"Microsoft Defender Exploit Guard","ASR: Block Adobe Reader from creating child processes (Policy)",Registry,,"HKLM:\Software\Policies\Microsoft\Windows Defender\Windows Defender Exploit Guard\ASR\rules",7674ba52-37eb-4a4f-a9a1-f0f9a1619a2c,HKLM:\SOFTWARE\Microsoft\PolicyManager\Providers\{GUID}\default\Device\Defender,HKLM:\SOFTWARE\Microsoft\PolicyManager\current\device\Defender,AttackSurfaceReductionRules,,,,0,,1,,=,,Medium,
172,"Microsoft Defender Exploit Guard","ASR: Block Adobe Reader from creating child processes",MpPreferenceAsr,7674ba52-37eb-4a4f-a9a1-f0f9a1619a2c,,,,,,,,,0,,1,,=,,Medium,
172,"Microsoft Defender Exploit Guard","ASR: Block Win32 API calls from Office macros (Policy)",Registry,,"HKLM:\Software\Policies\Microsoft\Windows Defender\Windows Defender Exploit Guard\ASR\rules",92e97fa1-2edf-4476-bdd6-9dd0b4dddc7b,HKLM:\SOFTWARE\Microsoft\PolicyManager\Providers\{GUID}\default\Device\Defender,HKLM:\SOFTWARE\Microsoft\PolicyManager\current\device\Defender,AttackSurfaceReductionRules,,,,0,,1,,=,,Medium,
172,"Microsoft Defender Exploit Guard","ASR: Block Win32 API calls from Office macros",MpPreferenceAsr,92e97fa1-2edf-4476-bdd6-9dd0b4dddc7b,,,,,,,,,0,,1,,=,,Medium,
172,"Microsoft Defender Exploit Guard","ASR: Block credential stealing from the Windows local security authority subsystem (lsass.exe) (Policy)",Registry,,"HKLM:\Software\Policies\Microsoft\Windows Defender\Windows Defender Exploit Guard\ASR\rules",9e6c4e1f-7d60-472f-ba1a-a39ef669e4b2,HKLM:\SOFTWARE\Microsoft\PolicyManager\Providers\{GUID}\default\Device\Defender,HKLM:\SOFTWARE\Microsoft\PolicyManager\current\device\Defender,AttackSurfaceReductionRules,,,,0,,1,,=,,Medium,
172,"Microsoft Defender Exploit Guard","ASR: Block credential stealing from the Windows local security authority subsystem (lsass.exe)",MpPreferenceAsr,9e6c4e1f-7d60-472f-ba1a-a39ef669e4b2,,,,,,,,,0,,1,,=,,Medium,
172,"Microsoft Defender Exploit Guard","ASR: Block untrusted and unsigned processes that run from USB (Policy)",Registry,,"HKLM:\Software\Policies\Microsoft\Windows Defender\Windows Defender Exploit Guard\ASR\rules",b2b3f03d-6a65-4f7b-a9c7-1c7ef74a9ba4,HKLM:\SOFTWARE\Microsoft\PolicyManager\Providers\{GUID}\default\Device\Defender,HKLM:\SOFTWARE\Microsoft\PolicyManager\current\device\Defender,AttackSurfaceReductionRules,,,,0,,1,,=,,Medium,
172,"Microsoft Defender Exploit Guard","ASR: Block untrusted and unsigned processes that run from USB",MpPreferenceAsr,b2b3f03d-6a65-4f7b-a9c7-1c7ef74a9ba4,,,,,,,,,0,,1,,=,,Medium,
172,"Microsoft Defender Exploit Guard","ASR: Block executable content from email client and webmail (Policy)",Registry,,"HKLM:\Software\Policies\Microsoft\Windows Defender\Windows Defender Exploit Guard\ASR\rules",be9ba2d9-53ea-4cdc-84e5-9b1eeee46550,HKLM:\SOFTWARE\Microsoft\PolicyManager\Providers\{GUID}\default\Device\Defender,HKLM:\SOFTWARE\Microsoft\PolicyManager\current\device\Defender,AttackSurfaceReductionRules,,,,0,,1,,=,,Medium,
172,"Microsoft Defender Exploit Guard","ASR: Block executable content from email client and webmail",MpPreferenceAsr,be9ba2d9-53ea-4cdc-84e5-9b1eeee46550,,,,,,,,,0,,1,,=,,Medium,
172,"Microsoft Defender Exploit Guard","ASR: Block JavaScript or VBScript from launching downloaded executable content (Policy)",Registry,,"HKLM:\Software\Policies\Microsoft\Windows Defender\Windows Defender Exploit Guard\ASR\rules",d3e037e1-3eb8-44c8-a917-57927947596d,HKLM:\SOFTWARE\Microsoft\PolicyManager\Providers\{GUID}\default\Device\Defender,HKLM:\SOFTWARE\Microsoft\PolicyManager\current\device\Defender,AttackSurfaceReductionRules,,,,0,,1,,=,,Medium,
172,"Microsoft Defender Exploit Guard","ASR: Block JavaScript or VBScript from launching downloaded executable content",MpPreferenceAsr,d3e037e1-3eb8-44c8-a917-57927947596d,,,,,,,,,0,,1,,=,,Medium,
172,"Microsoft Defender Exploit Guard","ASR: Block Office communication application from creating child processes (Policy)",Registry,,"HKLM:\Software\Policies\Microsoft\Windows Defender\Windows Defender Exploit Guard\ASR\rules",26190899-1602-49e8-8b27-eb1d0a1ce869,HKLM:\SOFTWARE\Microsoft\PolicyManager\Providers\{GUID}\default\Device\Defender,HKLM:\SOFTWARE\Microsoft\PolicyManager\current\device\Defender,AttackSurfaceReductionRules,,,,0,,1,,=,,Medium,
172,"Microsoft Defender Exploit Guard","ASR: Block Office communication application from creating child processes",MpPreferenceAsr,26190899-1602-49e8-8b27-eb1d0a1ce869,,,,,,,,,0,,1,,=,,Medium,
173,"Administrative Templates: Windows Components","File Explorer: Configure Windows Defender SmartScreen",Registry,,HKLM:\SOFTWARE\Policies\Microsoft\Windows\System,EnableSmartScreen,HKLM:\SOFTWARE\Microsoft\PolicyManager\Providers\{GUID}\default\Device\SmartScreen,HKLM:\SOFTWARE\Microsoft\PolicyManager\current\device\SmartScreen,EnableSmartScreenInShell,,,,1,,1,,=,,Medium,
174,"Administrative Templates: Windows Components","File Explorer: Configure Windows Defender SmartScreen to warn and prevent bypass",Registry,,HKLM:\SOFTWARE\Policies\Microsoft\Windows\System,ShellSmartScreenLevel,HKLM:\SOFTWARE\Microsoft\PolicyManager\Providers\{GUID}\default\Device\Browser,HKLM:\SOFTWARE\Microsoft\PolicyManager\current\device\Browser,PreventSmartScreenPromptOverride,,,,Warn,,Block,,=,,Medium,
174,"Microsoft Edge","Prevent bypassing Microsoft Defender SmartScreen prompts for sites",Registry,,HKLM:\Software\Policies\Microsoft\MicrosoftEdge\PhishingFilter,PreventOverride,HKLM:\SOFTWARE\Microsoft\PolicyManager\Providers\{GUID}\default\Device\Browser,HKLM:\SOFTWARE\Microsoft\PolicyManager\current\device\Browser,PreventSmartScreenPromptOverride,,,,,,1,,=,,Medium,
175,"Microsoft Edge","Configure Windows Defender SmartScreen",Registry,,HKLM:\Software\Policies\Microsoft\MicrosoftEdge\PhishingFilter,EnabledV9,HKLM:\SOFTWARE\Microsoft\PolicyManager\Providers\{GUID}\default\Device\Browser,HKLM:\SOFTWARE\Microsoft\PolicyManager\current\device\Browser,AllowSmartScreen,,,,,,1,,=,,Medium,
177,"Administrative Templates: Windows Components","Windows Ink Workspace: Allow Windows Ink Workspace",Registry,,HKLM:\Software\Policies\Microsoft\WindowsInkWorkspace,AllowWindowsInkWorkspace,HKLM:\SOFTWARE\Microsoft\PolicyManager\Providers\{GUID}\default\Device\WindowsInkWorkspace,HKLM:\SOFTWARE\Microsoft\PolicyManager\current\device\WindowsInkWorkspace,AllowWindowsInkWorkspace,,,,1,,1,,<=,,Medium,
178,"Administrative Templates: Windows Components","Windows Installer: Allow user control over installs",Registry,,HKLM:\Software\Policies\Microsoft\Windows\Installer,EnableUserControl,HKLM:\SOFTWARE\Microsoft\PolicyManager\Providers\{GUID}\default\Device\ApplicationManagement,HKLM:\SOFTWARE\Microsoft\PolicyManager\current\device\ApplicationManagement,MSIAllowUserControlOverInstall,,,,1,,0,,=,,Medium,
180,"Administrative Templates: Windows Components","Windows Installer: Always install with elevated privileges",Registry,,HKLM:\Software\Policies\Microsoft\Windows\Installer,AlwaysInstallElevated,HKLM:\SOFTWARE\Microsoft\PolicyManager\Providers\{GUID}\default\Device\ApplicationManagement,HKLM:\SOFTWARE\Microsoft\PolicyManager\current\device\ApplicationManagement,MSIAlwaysInstallWithElevatedPrivileges,,,,0,,0,,=,,Medium,
183,PowerShell,"Turn on Script Execution (Execution Policy)",Registry,,HKLM:\Software\Policies\Microsoft\Windows\PowerShell,ExecutionPolicy,,,,,,,,,RemoteSigned,,=,,Medium,
183,PowerShell,"Turn on Script Execution",Registry,,HKLM:\Software\Policies\Microsoft\Windows\PowerShell,EnableScripts,,,,,,,,,1,,=,,Medium,
185,"Administrative Templates: Windows Components","Windows Update: Manage end user experience: Configure Automatic Updates",Registry,,HKLM:\SOFTWARE\Policies\Microsoft\Windows\WindowsUpdate\Au,NoAutoUpdate,HKLM:\SOFTWARE\Microsoft\PolicyManager\Providers\{GUID}\default\Device\Update,HKLM:\SOFTWARE\Microsoft\PolicyManager\current\device\Update,AllowAutoUpdate,,,,0,,0,,>=,,Medium,
185,"Administrative Templates: Windows Components","Windows Update: Configure Automatic Updates: Configure automatic updating",Registry,,HKLM:\SOFTWARE\Policies\Microsoft\Windows\WindowsUpdate\Au,AUOptions,,,,,,,,,4,,=,,Medium,
186,"Administrative Templates: Windows Components","Windows Update: Manage end user experience: Configure Automatic Updates: Scheduled install day",Registry,,HKLM:\SOFTWARE\Policies\Microsoft\Windows\WindowsUpdate\Au,ScheduledInstallDay,HKLM:\SOFTWARE\Microsoft\PolicyManager\Providers\{GUID}\default\Device\Update,HKLM:\SOFTWARE\Microsoft\PolicyManager\current\device\Update,ScheduledInstallDay,,,,,,0,,>=,,Medium,
187,"Administrative Templates: Windows Components","Windows Update: Legacy Policies: No auto-restart with logged on users for scheduled automatic updates installations",Registry,,HKLM:\SOFTWARE\Policies\Microsoft\Windows\WindowsUpdate\Au,NoAutoRebootWithLoggedOnUsers,,,,,,,0,,0,,>=,,Medium,
188,"Administrative Templates: Windows Components","Windows Update: Manage end user experience: Remove access to 'Pause updates' feature",Registry,,HKLM:\SOFTWARE\Policies\Microsoft\Windows\WindowsUpdate,SetDisablePauseUXAccess,HKLM:\SOFTWARE\Microsoft\PolicyManager\Providers\{GUID}\default\Device\Update,HKLM:\SOFTWARE\Microsoft\PolicyManager\current\device\Update,SetDisablePauseUXAccess,,,,,,1,,>=,,Medium,
189,"Administrative Templates: Windows Components","Windows Logon Options: Sign-in and lock last interactive user automatically after a restart",Registry,,HKLM:\SOFTWARE\Microsoft\Windows\CurrentVersion\Policies\System,DisableAutomaticRestartSignOn,HKLM:\SOFTWARE\Microsoft\PolicyManager\Providers\{GUID}\default\Device\WindowsLogon,HKLM:\SOFTWARE\Microsoft\PolicyManager\current\device\WindowsLogon,AllowAutomaticRestartSignOn,,,,0,,1,,=,,Medium,
191,"Administrative Templates: Windows Components","WinRM Client: Allow Basic authentication",Registry,,HKLM:\Software\Policies\Microsoft\Windows\WinRM\Client,AllowBasic,HKLM:\SOFTWARE\Microsoft\PolicyManager\Providers\{GUID}\default\Device\RemoteManagement,HKLM:\SOFTWARE\Microsoft\PolicyManager\current\device\RemoteManagement,AllowBasicAuthentication_Client,,,,0,,0,,=,,Medium,
192,"Administrative Templates: Windows Components","WinRM Client: Disallow Digest authentication",Registry,,HKLM:\Software\Policies\Microsoft\Windows\WinRM\Client,AllowDigest,HKLM:\SOFTWARE\Microsoft\PolicyManager\Providers\{GUID}\default\Device\RemoteManagement,HKLM:\SOFTWARE\Microsoft\PolicyManager\current\device\RemoteManagement,DisallowDigestAuthentication,,,,0,,0,,=,,Medium,
193,"Administrative Templates: Windows Components","WinRM Client: Allow unencrypted traffic",Registry,,HKLM:\Software\Policies\Microsoft\Windows\WinRM\Client,AllowUnencryptedTraffic,HKLM:\SOFTWARE\Microsoft\PolicyManager\Providers\{GUID}\default\Device\RemoteManagement,HKLM:\SOFTWARE\Microsoft\PolicyManager\current\device\RemoteManagement,AllowUnencryptedTraffic_Client,,,,0,,0,,=,,Medium,
194,"Administrative Templates: Windows Components","WinRM Service: Allow Basic authentication",Registry,,HKLM:\Software\Policies\Microsoft\Windows\WinRM\Service,AllowBasic,HKLM:\SOFTWARE\Microsoft\PolicyManager\Providers\{GUID}\default\Device\RemoteManagement,HKLM:\SOFTWARE\Microsoft\PolicyManager\current\device\RemoteManagement,AllowBasicAuthentication_Service,,,,0,,0,,=,,Medium,
196,"Administrative Templates: Windows Components","WinRM Service: Disallow WinRM from storing RunAs credentials",Registry,,HKLM:\Software\Policies\Microsoft\Windows\WinRM\Service,DisableRunAs,HKLM:\SOFTWARE\Microsoft\PolicyManager\Providers\{GUID}\default\Device\RemoteManagement,HKLM:\SOFTWARE\Microsoft\PolicyManager\current\device\RemoteManagement,DisallowStoringOfRunAsCredentials,,,,0,,1,,=,,Medium,
197,"Administrative Templates: Windows Components","WinRM Service: Allow unencrypted traffic",Registry,,HKLM:\Software\Policies\Microsoft\Windows\WinRM\Service,AllowUnencryptedTraffic,HKLM:\SOFTWARE\Microsoft\PolicyManager\Providers\{GUID}\default\Device\RemoteManagement,HKLM:\SOFTWARE\Microsoft\PolicyManager\current\device\RemoteManagement,AllowUnencryptedTraffic_Service,,,,0,,0,,=,,Medium,
198,"Administrative Templates: Windows Components","App and browser protection: Prevent users from modifying settings",Registry,,"HKLM:\SOFTWARE\Policies\Microsoft\Windows Defender Security Center\App and Browser protection",DisallowExploitProtectionOverride,HKLM:\SOFTWARE\Microsoft\PolicyManager\Providers\{GUID}\default\Device\WindowsDefenderSecurityCenter,HKLM:\SOFTWARE\Microsoft\PolicyManager\current\device\WindowsDefenderSecurityCenter,DisallowExploitProtectionOverride,,,,,,1,,=,,Medium,
199,"Administrative Templates: Windows Components","Windows Game Recording and Broadcasting: Enables or disables Windows Game Recording and Broadcasting",Registry,,HKLM:\Software\Policies\Microsoft\Windows\GameDVR,AllowGameDVR,HKLM:\SOFTWARE\Microsoft\PolicyManager\Providers\{GUID}\default\Device\ApplicationManagement,HKLM:\SOFTWARE\Microsoft\PolicyManager\current\device\ApplicationManagement,AllowGameDVR,,,,1,,0,,=,,Medium,
1,"MS Security Guide","Apply UAC restrictions to local accounts on network logons",Registry,,HKLM:\SOFTWARE\Microsoft\Windows\CurrentVersion\Policies\System,LocalAccountTokenFilterPolicy,HKLM:\SOFTWARE\Microsoft\PolicyManager\Providers\{GUID}\default\Device\MSSecurityGuide,HKLM:\SOFTWARE\Microsoft\PolicyManager\current\device\MSSecurityGuide,ApplyUACRestrictionsToLocalAccountsOnNetworkLogon,,,,,,0,,=,,Medium,
2,"MS Security Guide","Configure SMB v1 client driver",Registry,,HKLM:\SYSTEM\CurrentControlSet\Services\MrxSmb10,Start,HKLM:\SOFTWARE\Microsoft\PolicyManager\Providers\{GUID}\default\Device\MSSecurityGuide,HKLM:\SOFTWARE\Microsoft\PolicyManager\current\device\MSSecurityGuide,ConfigureSMBV1ClientDriver,,,,1,,4,,=,,Medium,
3,"MS Security Guide","Configure SMB v1 server",Registry,,HKLM:\SYSTEM\CurrentControlSet\Services\LanmanServer\Parameters,SMB1,HKLM:\SOFTWARE\Microsoft\PolicyManager\Providers\{GUID}\default\Device\MSSecurityGuide,HKLM:\SOFTWARE\Microsoft\PolicyManager\current\device\MSSecurityGuide,ConfigureSMBV1Server,,,,1,,0,,=,,Medium,
4,"MS Security Guide","Enable Structured Exception Handling Overwrite Protection (SEHOP)",Registry,,"HKLM:\SYSTEM\CurrentControlSet\Control\Session Manager\kernel",DisableExceptionChainValidation,HKLM:\SOFTWARE\Microsoft\PolicyManager\Providers\{GUID}\default\Device\MSSecurityGuide,HKLM:\SOFTWARE\Microsoft\PolicyManager\current\device\MSSecurityGuide,EnableStructuredExceptionHandlingOverwriteProtection,,,,0,,0,,=,,Medium,
5,"MS Security Guide","WDigest Authentication",Registry,,HKLM:\SYSTEM\CurrentControlSet\Control\SecurityProviders\WDigest,UseLogonCredential,HKLM:\SOFTWARE\Microsoft\PolicyManager\Providers\{GUID}\default\Device\MSSecurityGuide,HKLM:\SOFTWARE\Microsoft\PolicyManager\current\device\MSSecurityGuide,WDigestAuthentication,,,,0,,0,,=,,High,
21,"MS Security Guide","NetBT NodeType configuration",Registry,,HKLM:\SYSTEM\CurrentControlSet\Services\NetBT\Parameters,NodeType,HKLM:\SOFTWARE\Microsoft\PolicyManager\Providers\{GUID}\default\Device\MSSecurityGuide,HKLM:\SOFTWARE\Microsoft\PolicyManager\current\device\MSSecurityGuide,NetBTNodeTypeConfiguration,,,,0,,2,,=,,Medium,
6,"MS Security Guide","LSA Protection",Registry,,HKLM:\SYSTEM\CurrentControlSet\Control\Lsa,RunAsPPL,,,,,,,,,1,,=,,Medium,
7,"MSS (Legacy)","MSS: (EnableDeadGWDetect) Allow automatic detection of dead network gateways (could lead to DoS)",Registry,,HKLM:\System\CurrentControlSet\Services\Tcpip\Parameters,EnableDeadGWDetect,HKLM:\SOFTWARE\Microsoft\PolicyManager\Providers\{GUID}\default\Device\ADMX_MSS-legacy,HKLM:\SOFTWARE\Microsoft\PolicyManager\current\device\ADMX_MSS-legacy,Pol_MSS_EnableDeadGWDetect,,,,,,0,,=,,Medium,
8,"MSS (Legacy)","MSS: (AutoAdminLogon) Enable Automatic Logon (not recommended)",Registry,,"HKLM:\SOFTWARE\Microsoft\Windows NT\CurrentVersion\Winlogon",AutoAdminLogon,HKLM:\SOFTWARE\Microsoft\PolicyManager\Providers\{GUID}\default\Device\ADMX_MSS-legacy,HKLM:\SOFTWARE\Microsoft\PolicyManager\current\device\ADMX_MSS-legacy,Pol_MSS_AutoAdminLogon,,,,0,,0,,=,,Medium,
9,"MSS (Legacy)","MSS: (DisableIPSourceRouting IPv6) IP source routing protection level (protects against packet spoofing)",Registry,,HKLM:\System\CurrentControlSet\Services\Tcpip6\Parameters,DisableIPSourceRouting,HKLM:\SOFTWARE\Microsoft\PolicyManager\Providers\{GUID}\default\Device\MSSLegacy,HKLM:\SOFTWARE\Microsoft\PolicyManager\current\device\MSSLegacy,IPv6SourceRoutingProtectionLevel,,,,0,,2,,=,,Medium,
10,"MSS (Legacy)","MSS: (DisableIPSourceRouting) IP source routing protection level (protects against packet spoofing)",Registry,,HKLM:\System\CurrentControlSet\Services\Tcpip\Parameters,DisableIPSourceRouting,HKLM:\SOFTWARE\Microsoft\PolicyManager\Providers\{GUID}\default\Device\MSSLegacy,HKLM:\SOFTWARE\Microsoft\PolicyManager\current\device\MSSLegacy,SourceRoutingProtectionLevel,,,,1,,2,,=,,Medium,
12,"MSS (Legacy)","MSS: (EnableICMPRedirect) Allow ICMP redirects to override OSPF generated routes",Registry,,HKLM:\System\CurrentControlSet\Services\Tcpip\Parameters,EnableICMPRedirect,HKLM:\SOFTWARE\Microsoft\PolicyManager\Providers\{GUID}\default\Device\MSSLegacy,HKLM:\SOFTWARE\Microsoft\PolicyManager\current\device\MSSLegacy,AllowICMPRedirectsToOverrideGeneratedRoute,,,,1,,0,,=,,Medium,
14,"MSS (Legacy)","MSS: (NoNameReleaseOnDemand) Allow the computer to ignore NetBIOS name release requests except from WINS servers",Registry,,HKLM:\System\CurrentControlSet\Services\Netbt\Parameters,NoNameReleaseOnDemand,HKLM:\SOFTWARE\Microsoft\PolicyManager\Providers\{GUID}\default\Device\MSSLegacy,HKLM:\SOFTWARE\Microsoft\PolicyManager\current\device\MSSLegacy,AllowTheComputerToIgnoreNetBIOSNameReleaseRequestsExceptFromWINSServers,,,,0,,1,,=,,Medium,
16,"MSS (Legacy)","MSS: (SafeDllSearchMode) Enable Safe DLL search mode (recommended)",Registry,,"HKLM:\SYSTEM\CurrentControlSet\Control\Session Manager",SafeDLLSearchMode,HKLM:\SOFTWARE\Microsoft\PolicyManager\Providers\{GUID}\default\Device\ADMX_MSS-legacy,HKLM:\SOFTWARE\Microsoft\PolicyManager\current\device\ADMX_MSS-legacy,Pol_MSS_SafeDllSearchMode,,,,0,,1,,=,,Medium,
17,"MSS (Legacy)","MSS: (ScreenSaverGracePeriod) The time in seconds before the screen saver grace period expires (0 recommended)",Registry,,"HKLM:\SOFTWARE\Microsoft\Windows NT\CurrentVersion\Winlogon",ScreenSaverGracePeriod,HKLM:\SOFTWARE\Microsoft\PolicyManager\Providers\{GUID}\default\Device\ADMX_MSS-legacy,HKLM:\SOFTWARE\Microsoft\PolicyManager\current\device\ADMX_MSS-legacy,Pol_MSS_ScreenSaverGracePeriod,,,,5,,5,,<=,,Medium,
