ID,Category,Name,Method,MethodArgument,RegistryPath,RegistryItem,RegistryPathIntune,RegistryPathDCP,RegistryItemIntune,ClassName,Namespace,Property,DefaultValue,DefaultValueIntune,RecommendedValue,RecommendedValueIntune,Operator,OperatorIntune,Severity,Filter
1000,"Schannel: TLS Settings: Protocols","Server: Multi-Protocol Unified Hello",Registry,,"HKLM:\SYSTEM\CurrentControlSet\Control\SecurityProviders\SCHANNEL\Protocols\Multi-Protocol Unified Hello\Server",Enabled,,,,,,,,,0,,=,,High,
1001,"Schannel: TLS Settings: Protocols","Server: Multi-Protocol Unified Hello (Disabledbydefault)",Registry,,"HKLM:\SYSTEM\CurrentControlSet\Control\SecurityProviders\SCHANNEL\Protocols\Multi-Protocol Unified Hello\Server",Disabledbydefault,,,,,,,,,1,,=,,High,
1002,"Schannel: TLS Settings: Protocols","Client: Multi-Protocol Unified Hello",Registry,,"HKLM:\SYSTEM\CurrentControlSet\Control\SecurityProviders\SCHANNEL\Protocols\Multi-Protocol Unified Hello\Client",Enabled,,,,,,,,,0,,=,,High,
1003,"Schannel: TLS Settings: Protocols","Client: Multi-Protocol Unified Hello (Disabledbydefault)",Registry,,"HKLM:\SYSTEM\CurrentControlSet\Control\SecurityProviders\SCHANNEL\Protocols\Multi-Protocol Unified Hello\Client",Disabledbydefault,,,,,,,,,1,,=,,High,
1004,"Schannel: TLS Settings: Protocols","Server: PCT",Registry,,"HKLM:\SYSTEM\CurrentControlSet\Control\SecurityProviders\SCHANNEL\Protocols\PCT 1.0\Server",Enabled,,,,,,,,,0,,=,,High,
1005,"Schannel: TLS Settings: Protocols","Server: PCT (Disabledbydefault)",Registry,,"HKLM:\SYSTEM\CurrentControlSet\Control\SecurityProviders\SCHANNEL\Protocols\PCT 1.0\Server",Disabledbydefault,,,,,,,,,1,,=,,High,
1006,"Schannel: TLS Settings: Protocols","Client: PCT",Registry,,"HKLM:\SYSTEM\CurrentControlSet\Control\SecurityProviders\SCHANNEL\Protocols\PCT 1.0\Client",Enabled,,,,,,,,,0,,=,,High,
1007,"Schannel: TLS Settings: Protocols","Client: PCT (Disabledbydefault)",Registry,,"HKLM:\SYSTEM\CurrentControlSet\Control\SecurityProviders\SCHANNEL\Protocols\PCT 1.0\Client",Disabledbydefault,,,,,,,,,1,,=,,High,
1008,"Schannel: TLS Settings: Protocols","Server: SSLv2.0",Registry,,"HKLM:\SYSTEM\CurrentControlSet\Control\SecurityProviders\SCHANNEL\Protocols\SSL 2.0\Server",Enabled,,,,,,,,,0,,=,,High,
1009,"Schannel: TLS Settings: Protocols","Server: SSLv2.0 (Disabledbydefault)",Registry,,"HKLM:\SYSTEM\CurrentControlSet\Control\SecurityProviders\SCHANNEL\Protocols\SSL 2.0\Server",Disabledbydefault,,,,,,,,,1,,=,,High,
1010,"Schannel: TLS Settings: Protocols","Client: SSLv2.0",Registry,,"HKLM:\SYSTEM\CurrentControlSet\Control\SecurityProviders\SCHANNEL\Protocols\SSL 2.0\Client",Enabled,,,,,,,,,0,,=,,High,
1011,"Schannel: TLS Settings: Protocols","Client: SSLv2.0 (Disabledbydefault)",Registry,,"HKLM:\SYSTEM\CurrentControlSet\Control\SecurityProviders\SCHANNEL\Protocols\SSL 2.0\Client",Disabledbydefault,,,,,,,,,1,,=,,High,
1012,"Schannel: TLS Settings: Protocols","Server: SSLv3.0",Registry,,"HKLM:\SYSTEM\CurrentControlSet\Control\SecurityProviders\SCHANNEL\Protocols\SSL 3.0\Server",Enabled,,,,,,,,,0,,=,,High,
1013,"Schannel: TLS Settings: Protocols","Server: SSLv3.0 (Disabledbydefault)",Registry,,"HKLM:\SYSTEM\CurrentControlSet\Control\SecurityProviders\SCHANNEL\Protocols\SSL 3.0\Server",Disabledbydefault,,,,,,,,,1,,=,,High,
1014,"Schannel: TLS Settings: Protocols","Client: SSLv3.0",Registry,,"HKLM:\SYSTEM\CurrentControlSet\Control\SecurityProviders\SCHANNEL\Protocols\SSL 3.0\Client",Enabled,,,,,,,,,0,,=,,High,
1015,"Schannel: TLS Settings: Protocols","Client: SSLv3.0 (Disabledbydefault)",Registry,,"HKLM:\SYSTEM\CurrentControlSet\Control\SecurityProviders\SCHANNEL\Protocols\SSL 3.0\Client",Disabledbydefault,,,,,,,,,1,,=,,High,
1016,"Schannel: TLS Settings: Protocols","Server: TLSv1.0",Registry,,"HKLM:\SYSTEM\CurrentControlSet\Control\SecurityProviders\SCHANNEL\Protocols\TLS 1.0\Server",Enabled,,,,,,,,,0,,=,,Medium,
1017,"Schannel: TLS Settings: Protocols","Server: TLSv1.0 (Disabledbydefault)",Registry,,"HKLM:\SYSTEM\CurrentControlSet\Control\SecurityProviders\SCHANNEL\Protocols\TLS 1.0\Server",Disabledbydefault,,,,,,,,,1,,=,,Medium,
1018,"Schannel: TLS Settings: Protocols","Client: TLSv1.0",Registry,,"HKLM:\SYSTEM\CurrentControlSet\Control\SecurityProviders\SCHANNEL\Protocols\TLS 1.0\Client",Enabled,,,,,,,,,0,,=,,Medium,
1019,"Schannel: TLS Settings: Protocols","Client: TLSv1.0 (Disabledbydefault)",Registry,,"HKLM:\SYSTEM\CurrentControlSet\Control\SecurityProviders\SCHANNEL\Protocols\TLS 1.0\Client",Disabledbydefault,,,,,,,,,1,,=,,Medium,
1020,"Schannel: TLS Settings: Protocols","Server: TLSv1.1",Registry,,"HKLM:\SYSTEM\CurrentControlSet\Control\SecurityProviders\SCHANNEL\Protocols\TLS 1.1\Server",Enabled,,,,,,,,,0,,=,,Medium,
1021,"Schannel: TLS Settings: Protocols","Server: TLSv1.1 (Disabledbydefault)",Registry,,"HKLM:\SYSTEM\CurrentControlSet\Control\SecurityProviders\SCHANNEL\Protocols\TLS 1.1\Server",Disabledbydefault,,,,,,,,,1,,=,,Medium,
1022,"Schannel: TLS Settings: Protocols","Client: TLSv1.1",Registry,,"HKLM:\SYSTEM\CurrentControlSet\Control\SecurityProviders\SCHANNEL\Protocols\TLS 1.1\Client",Enabled,,,,,,,,,0,,=,,Medium,
1023,"Schannel: TLS Settings: Protocols","Client: TLSv1.1 (Disabledbydefault)",Registry,,"HKLM:\SYSTEM\CurrentControlSet\Control\SecurityProviders\SCHANNEL\Protocols\TLS 1.1\Client",Disabledbydefault,,,,,,,,,1,,=,,Medium,
1024,"Schannel: TLS Settings: Protocols","Server: TLSv1.2",Registry,,"HKLM:\SYSTEM\CurrentControlSet\Control\SecurityProviders\SCHANNEL\Protocols\TLS 1.2\Server",Enabled,,,,,,,,,1,,=,,Medium,
1025,"Schannel: TLS Settings: Protocols","Server: TLSv1.2 (Disabledbydefault)",Registry,,"HKLM:\SYSTEM\CurrentControlSet\Control\SecurityProviders\SCHANNEL\Protocols\TLS 1.2\Server",Disabledbydefault,,,,,,,,,0,,=,,Medium,
1026,"Schannel: TLS Settings: Protocols","Client: TLSv1.2",Registry,,"HKLM:\SYSTEM\CurrentControlSet\Control\SecurityProviders\SCHANNEL\Protocols\TLS 1.2\Client",Enabled,,,,,,,,,1,,=,,Medium,
1027,"Schannel: TLS Settings: Protocols","Client: TLSv1.2 (Disabledbydefault)",Registry,,"HKLM:\SYSTEM\CurrentControlSet\Control\SecurityProviders\SCHANNEL\Protocols\TLS 1.2\Client",Disabledbydefault,,,,,,,,,0,,=,,Medium,
1060,"Schannel: TLS Settings: Protocols","Server: TLSv1.3",Registry,,"HKLM:\SYSTEM\CurrentControlSet\Control\SecurityProviders\SCHANNEL\Protocols\TLS 1.3\Server",Enabled,,,,,,,,,1,,=,,Medium,
1061,"Schannel: TLS Settings: Protocols","Server: TLSv1.3 (Disabledbydefault)",Registry,,"HKLM:\SYSTEM\CurrentControlSet\Control\SecurityProviders\SCHANNEL\Protocols\TLS 1.3\Server",Disabledbydefault,,,,,,,,,0,,=,,Medium,
1062,"Schannel: TLS Settings: Protocols","Client: TLSv1.3",Registry,,"HKLM:\SYSTEM\CurrentControlSet\Control\SecurityProviders\SCHANNEL\Protocols\TLS 1.3\Client",Enabled,,,,,,,,,1,,=,,Medium,
1063,"Schannel: TLS Settings: Protocols","Client: TLSv1.3 (Disabledbydefault)",Registry,,"HKLM:\SYSTEM\CurrentControlSet\Control\SecurityProviders\SCHANNEL\Protocols\TLS 1.3\Client",Disabledbydefault,,,,,,,,,0,,=,,Medium,
1028,"Schannel: TLS Settings: Ciphers",NULL,Registry,,HKLM:\SYSTEM\CurrentControlSet\Control\SecurityProviders\SCHANNEL\Ciphers\NULL,Enabled,,,,,,,,,0,,=,,High,
1029,"Schannel: TLS Settings: Ciphers","DES 56/56",Registry,,"HKLM:\SYSTEM\CurrentControlSet\Control\SecurityProviders\SCHANNEL\Ciphers\DES 56/56",Enabled,,,,,,,,,0,,=,,High,
1030,"Schannel: TLS Settings: Ciphers","RC2 40/128",Registry,,"HKLM:\SYSTEM\CurrentControlSet\Control\SecurityProviders\SCHANNEL\Ciphers\RC2 40/128",Enabled,,,,,,,,,0,,=,,High,
1031,"Schannel: TLS Settings: Ciphers","RC2 56/128",Registry,,"HKLM:\SYSTEM\CurrentControlSet\Control\SecurityProviders\SCHANNEL\Ciphers\RC2 56/128",Enabled,,,,,,,,,0,,=,,High,
1032,"Schannel: TLS Settings: Ciphers","RC2 128/128",Registry,,"HKLM:\SYSTEM\CurrentControlSet\Control\SecurityProviders\SCHANNEL\Ciphers\RC2 128/128",Enabled,,,,,,,,,0,,=,,High,
1033,"Schannel: TLS Settings: Ciphers","RC4 40/128",Registry,,"HKLM:\SYSTEM\CurrentControlSet\Control\SecurityProviders\SCHANNEL\Ciphers\RC4 40/128",Enabled,,,,,,,,,0,,=,,High,
1034,"Schannel: TLS Settings: Ciphers","RC4 56/128",Registry,,"HKLM:\SYSTEM\CurrentControlSet\Control\SecurityProviders\SCHANNEL\Ciphers\RC4 56/128",Enabled,,,,,,,,,0,,=,,High,
1035,"Schannel: TLS Settings: Ciphers","RC4 64/128",Registry,,"HKLM:\SYSTEM\CurrentControlSet\Control\SecurityProviders\SCHANNEL\Ciphers\RC4 64/128",Enabled,,,,,,,,,0,,=,,High,
1036,"Schannel: TLS Settings: Ciphers","RC4 128/128",Registry,,"HKLM:\SYSTEM\CurrentControlSet\Control\SecurityProviders\SCHANNEL\Ciphers\RC4 128/128",Enabled,,,,,,,,,0,,=,,High,
1037,"Schannel: TLS Settings: Ciphers","Triple DES 168",Registry,,"HKLM:\SYSTEM\CurrentControlSet\Control\SecurityProviders\SCHANNEL\Ciphers\Triple DES 168",Enabled,,,,,,,,,0,,=,,Medium,
1038,"Schannel: TLS Settings: Ciphers","AES 128/128",Registry,,"HKLM:\SYSTEM\CurrentControlSet\Control\SecurityProviders\SCHANNEL\Ciphers\AES 128/128",Enabled,,,,,,,,,1,,=,,Medium,
1039,"Schannel: TLS Settings: Ciphers","AES 256/256",Registry,,"HKLM:\SYSTEM\CurrentControlSet\Control\SecurityProviders\SCHANNEL\Ciphers\AES 256/256",Enabled,,,,,,,,,1,,=,,Medium,
1064,"Administrative Templates: Network","SSL Configuration Settings: SSL Cipher Suite Order",Registry,,HKLM:\SOFTWARE\Policies\Microsoft\Cryptography\Configuration\SSL\00010002,Functions,HKLM:\SOFTWARE\Microsoft\PolicyManager\Providers\{GUID}\default\Device\ADMX_CipherSuiteOrder,HKLM:\SOFTWARE\Microsoft\PolicyManager\current\device\ADMX_CipherSuiteOrder,SSLCipherSuiteOrder,,,,,,"TLS_CHACHA20_POLY1305_SHA256,TLS_AES_256_GCM_SHA384,TLS_AES_128_GCM_SHA256,TLS_ECDHE_RSA_WITH_AES_256_GCM_SHA384,TLS_ECDHE_RSA_WITH_AES_128_GCM_SHA256,TLS_ECDHE_ECDSA_WITH_AES_256_GCM_SHA384,TLS_ECDHE_ECDSA_WITH_AES_128_GCM_SHA256",,=,,Medium,
1065,"Administrative Templates: Network","SSL Configuration Settings: ECC Curve Order",Registry,,HKLM:\SOFTWARE\Policies\Microsoft\Cryptography\Configuration\SSL\00010002,EccCurves,,,,,,,,,Curve25519;NistP384;NistP256,,=,,Medium,
1041,"Schannel: TLS Settings: Hashes",MD5,Registry,,HKLM:\SYSTEM\CurrentControlSet\Control\SecurityProviders\SCHANNEL\Hashes\MD5,Enabled,,,,,,,,,0,,=,,Medium,
1042,"Schannel: TLS Settings: Hashes",SHA-1,Registry,,HKLM:\SYSTEM\CurrentControlSet\Control\SecurityProviders\SCHANNEL\Hashes\SHA,Enabled,,,,,,,,,0,,=,,Medium,
1043,"Schannel: TLS Settings: Hashes",SHA-256,Registry,,HKLM:\SYSTEM\CurrentControlSet\Control\SecurityProviders\SCHANNEL\Hashes\SHA256,Enabled,,,,,,,,,4294967295,,=,,Medium,
1044,"Schannel: TLS Settings: Hashes",SHA-384,Registry,,HKLM:\SYSTEM\CurrentControlSet\Control\SecurityProviders\SCHANNEL\Hashes\SHA384,Enabled,,,,,,,,,4294967295,,=,,Medium,
1045,"Schannel: TLS Settings: Hashes",SHA-512,Registry,,HKLM:\SYSTEM\CurrentControlSet\Control\SecurityProviders\SCHANNEL\Hashes\SHA512,Enabled,,,,,,,,,4294967295,,=,,Medium,
1046,"Schannel: TLS Settings: KeyExchangeAlgorithms",Diffie-Hellman,Registry,,HKLM:\SYSTEM\CurrentControlSet\Control\SecurityProviders\SCHANNEL\KeyExchangeAlgorithms\Diffie-Hellman,Enabled,,,,,,,,,4294967295,,=,,Medium,
1047,"Schannel: TLS Settings: KeyExchangeAlgorithms","Diffie-Hellman (ServerMinKeyBitLength)",Registry,,HKLM:\SYSTEM\CurrentControlSet\Control\SecurityProviders\SCHANNEL\KeyExchangeAlgorithms\Diffie-Hellman,ServerMinKeyBitLength,,,,,,,,,2048,,>=,,Medium,
1048,"Schannel: TLS Settings: KeyExchangeAlgorithms","Diffie-Hellman (ClientMinKeyBitLength)",Registry,,HKLM:\SYSTEM\CurrentControlSet\Control\SecurityProviders\SCHANNEL\KeyExchangeAlgorithms\Diffie-Hellman,ClientMinKeyBitLength,,,,,,,,,2048,,>=,,Medium,
1049,"Schannel: TLS Settings: KeyExchangeAlgorithms",ECDH,Registry,,HKLM:\SYSTEM\CurrentControlSet\Control\SecurityProviders\SCHANNEL\KeyExchangeAlgorithms\ECDH,Enabled,,,,,,,,,4294967295,,=,,Medium,
1050,"Schannel: TLS Settings: KeyExchangeAlgorithms",PKCS,Registry,,HKLM:\SYSTEM\CurrentControlSet\Control\SecurityProviders\SCHANNEL\KeyExchangeAlgorithms\PKCS,Enabled,,,,,,,,,0,,=,,Medium,
1051,"Schannel: TLS Settings: KeyExchangeAlgorithms","PKCS (ClientMinKeyBitLength)",Registry,,HKLM:\SYSTEM\CurrentControlSet\Control\SecurityProviders\SCHANNEL\KeyExchangeAlgorithms\PKCS,ClientMinKeyBitLength,,,,,,,,,2048,,>=,,Medium,
1052,".NET Framework: TLS Settings","Use System Default TLS Versions (v2.0.50727, 32bit)",Registry,,HKLM:\SOFTWARE\Wow6432Node\Microsoft\.NETFramework\v2.0.50727,SystemDefaultTlsVersions,,,,,,,,,1,,=,,Medium,
1053,".NET Framework: TLS Settings","Use Strong Crypto  (v2.0.50727, 32bit)",Registry,,HKLM:\SOFTWARE\Wow6432Node\Microsoft\.NETFramework\v2.0.50727,SchUseStrongCrypto,,,,,,,,,1,,=,,Medium,
1054,".NET Framework: TLS Settings","Use System Default TLS Versions (v2.0.50727)",Registry,,HKLM:\SOFTWARE\Microsoft\.NETFramework\v2.0.50727,SystemDefaultTlsVersions,,,,,,,,,1,,=,,Medium,
1055,".NET Framework: TLS Settings","Use Strong Crypto  (v2.0.50727)",Registry,,HKLM:\SOFTWARE\Microsoft\.NETFramework\v2.0.50727,SchUseStrongCrypto,,,,,,,,,1,,=,,Medium,
1056,".NET Framework: TLS Settings","Use System Default TLS Versions (v4.0.30319, 32bit)",Registry,,HKLM:\SOFTWARE\Wow6432Node\Microsoft\.NETFramework\v4.0.30319,SystemDefaultTlsVersions,,,,,,,,,1,,=,,Medium,
1057,".NET Framework: TLS Settings","Use Strong Crypto  (v4.0.30319, 32bit)",Registry,,HKLM:\SOFTWARE\Wow6432Node\Microsoft\.NETFramework\v4.0.30319,SchUseStrongCrypto,,,,,,,,,1,,=,,Medium,
1058,".NET Framework: TLS Settings","Use System Default TLS Versions (v4.0.30319)",Registry,,HKLM:\SOFTWARE\Microsoft\.NETFramework\v4.0.30319,SystemDefaultTlsVersions,,,,,,,,,1,,=,,Medium,
1059,".NET Framework: TLS Settings","Use Strong Crypto  (v4.0.30319)",Registry,,HKLM:\SOFTWARE\Microsoft\.NETFramework\v4.0.30319,SchUseStrongCrypto,,,,,,,,,1,,=,,Medium,
